title,timestamp,views
"Denk bloß nicht, ich heule",2015-12-31,589
"Denk bloß nicht, ich heule",2016-12-31,521
Charles Duncan (GC),2015-12-31,414
Charles Duncan (GC),2016-12-31,380
USS Clamour (AM-160),2015-12-31,666
USS Clamour (AM-160),2016-12-31,542
Fire: The Jimi Hendrix Collection,2015-12-31,3571
Fire: The Jimi Hendrix Collection,2016-12-31,2401
Anthony McFarland,2015-12-31,102677
Anthony McFarland,2016-12-31,25698
Dearborn-Massar,2015-12-31,303
Dearborn-Massar,2016-12-31,337
Pot-in-pot,2015-12-31,1142
Pot-in-pot,2016-12-31,1192
Zhang Taofang,2015-12-31,10510
Zhang Taofang,2016-12-31,6041
Coleophora impercepta,2015-12-31,230
Coleophora impercepta,2016-12-31,186
"Jawornik, Sanok County",2015-12-31,424
"Jawornik, Sanok County",2016-12-31,333
Nové Mlýny reservoirs,2015-12-31,751
Nové Mlýny reservoirs,2016-12-31,556
Všešportový areál,2015-12-31,1263
Všešportový areál,2016-12-31,844
Zashiversk,2015-12-31,865
Zashiversk,2016-12-31,676
Sculptor Galaxy,2015-12-31,10825
Sculptor Galaxy,2016-12-31,8273
Valea Celții River,2015-12-31,165
Valea Celții River,2016-12-31,125
Silver-throated bushtit,2015-12-31,540
Silver-throated bushtit,2016-12-31,540
Xavier University Bhubaneswar,2015-12-31,356
Xavier University Bhubaneswar,2016-12-31,610
Louis Tussaud,2015-12-31,5131
Louis Tussaud,2016-12-31,3571
Joseph Ginat,2015-12-31,655
Joseph Ginat,2016-12-31,696
Lichnowo,2015-12-31,261
Lichnowo,2016-12-31,196
I Want Your Soul,2015-12-31,2684
I Want Your Soul,2016-12-31,2227
Bolnisi inscriptions,2015-12-31,872
Bolnisi inscriptions,2016-12-31,748
Some Stupid with a Flare Gun,2015-12-31,1368
Some Stupid with a Flare Gun,2016-12-31,1036
Tamil Mirror,2015-12-31,1174
Tamil Mirror,2016-12-31,923
David Womark,2015-12-31,1982
David Womark,2016-12-31,2061
Gmina Zakroczym,2015-12-31,499
Gmina Zakroczym,2016-12-31,425
Tadaoka Station,2015-12-31,485
Tadaoka Station,2016-12-31,423
Cass Business School,2015-12-31,31732
Cass Business School,2016-12-31,26365
Lane,2015-12-31,68307
Lane,2016-12-31,63663
Hmong Today,2015-12-31,891
Hmong Today,2016-12-31,689
Deviation of a local ring,2015-12-31,327
Deviation of a local ring,2016-12-31,306
Philipp Andreas Nemnich,2015-12-31,610
Philipp Andreas Nemnich,2016-12-31,481
Willow Creek (Columbia River),2015-12-31,587
Willow Creek (Columbia River),2016-12-31,674
"First Presbyterian Church (Lapwai, Idaho)",2015-12-31,292
"First Presbyterian Church (Lapwai, Idaho)",2016-12-31,281
Esso Longford gas explosion,2015-12-31,9311
Esso Longford gas explosion,2016-12-31,7130
Sanjay's Super Team,2015-12-31,125971
Sanjay's Super Team,2016-12-31,113834
Place name origins,2015-12-31,26172
Place name origins,2016-12-31,22872
Mirat ul Memalik,2015-12-31,1847
Mirat ul Memalik,2016-12-31,1497
LPAR6,2015-12-31,2215
LPAR6,2016-12-31,2066
Gear bearing,2015-12-31,2772
Gear bearing,2016-12-31,2441
Index of biological integrity,2015-12-31,3504
Index of biological integrity,2016-12-31,3241
Aruna Gunawardene,2015-12-31,408
Aruna Gunawardene,2016-12-31,415
Wings Financial Credit Union,2015-12-31,3080
Wings Financial Credit Union,2016-12-31,2450
Empress Xia (Ming dynasty),2015-12-31,342
Empress Xia (Ming dynasty),2016-12-31,439
José del Castillo (footballer),2015-12-31,776
José del Castillo (footballer),2016-12-31,614
Khalaj Mahalleh,2015-12-31,218
Khalaj Mahalleh,2016-12-31,229
Scott Burns (newspaper columnist),2015-12-31,3350
Scott Burns (newspaper columnist),2016-12-31,3114
Westwood Secondary School,2015-12-31,1357
Westwood Secondary School,2016-12-31,1459
Kegham Vanigian,2015-12-31,494
Kegham Vanigian,2016-12-31,412
Richard Brooker,2015-12-31,22025
Richard Brooker,2016-12-31,12844
Ricardo Medina,2015-12-31,1129
Ricardo Medina,2016-12-31,2033
"Patrick Jenkin, Baron Jenkin of Roding",2015-12-31,5057
"Patrick Jenkin, Baron Jenkin of Roding",2016-12-31,4186
"Liechtenstein referendums, 2002",2015-12-31,377
"Liechtenstein referendums, 2002",2016-12-31,313
Ahmad Salim,2015-12-31,1663
Ahmad Salim,2016-12-31,1086
Salina Bookshelf,2015-12-31,626
Salina Bookshelf,2016-12-31,424
Billy Disch,2015-12-31,1460
Billy Disch,2016-12-31,1298
Giorgio Calcaterra,2015-12-31,1530
Giorgio Calcaterra,2016-12-31,4519
New Zealand International Science Festival,2015-12-31,311
New Zealand International Science Festival,2016-12-31,312
CA-Modern,2015-12-31,1059
CA-Modern,2016-12-31,791
Adam Lam,2015-12-31,474
Adam Lam,2016-12-31,380
Economy of Jordan,2015-12-31,36394
Economy of Jordan,2016-12-31,30711
Juned,2015-12-31,1435
Juned,2016-12-31,1214
Transport in Swaziland,2015-12-31,3344
Transport in Swaziland,2016-12-31,2584
Carlos Pita (politician),2015-12-31,610
Carlos Pita (politician),2016-12-31,440
Pacifism in Spain,2015-12-31,2508
Pacifism in Spain,2016-12-31,1968
Petrok Maly,2015-12-31,1294
Petrok Maly,2016-12-31,1189
Ettore Gandini,2015-12-31,440
Ettore Gandini,2016-12-31,336
Asklepios Kliniken,2015-12-31,228
Asklepios Kliniken,2016-12-31,878
Hangtown fry,2015-12-31,11922
Hangtown fry,2016-12-31,9720
Quentin N. Burdick,2015-12-31,3660
Quentin N. Burdick,2016-12-31,4597
Iglesia de Santa María del Conceyu (Llanes),2015-12-31,313
Iglesia de Santa María del Conceyu (Llanes),2016-12-31,198
White Run (Rock Creek),2015-12-31,400
White Run (Rock Creek),2016-12-31,376
"Migrant Workers (Supplementary Provisions) Convention, 1975",2015-12-31,1257
"Migrant Workers (Supplementary Provisions) Convention, 1975",2016-12-31,1152
Civil parishes in England,2015-12-31,42869
Civil parishes in England,2016-12-31,37535
WHBB,2015-12-31,1147
WHBB,2016-12-31,945
1957–58 Boston Celtics season,2015-12-31,2017
1957–58 Boston Celtics season,2016-12-31,1905
"Bobby Parker (footballer, born 1952)",2015-12-31,674
"Bobby Parker (footballer, born 1952)",2016-12-31,619
Shire of Upper Murray,2015-12-31,268
Shire of Upper Murray,2016-12-31,404
Indianapolis Power & Light,2015-12-31,7018
Indianapolis Power & Light,2016-12-31,5963
"Kukowo, Podlaskie Voivodeship",2015-12-31,358
"Kukowo, Podlaskie Voivodeship",2016-12-31,292
Wai Ren,2015-12-31,1493
Wai Ren,2016-12-31,1382
Vilar de Mouros Festival,2015-12-31,2194
Vilar de Mouros Festival,2016-12-31,2221
Re Tuck's Settlement Trusts,2015-12-31,1895
Re Tuck's Settlement Trusts,2016-12-31,2165
Cleis Press,2015-12-31,3412
Cleis Press,2016-12-31,2955
"Ajjanahalli, Arsikere",2015-12-31,380
"Ajjanahalli, Arsikere",2016-12-31,246
2014 Copa del Sol,2015-12-31,1397
2014 Copa del Sol,2016-12-31,916
Ingmar Lazar,2015-12-31,1050
Ingmar Lazar,2016-12-31,907
Kosagawa Station,2015-12-31,361
Kosagawa Station,2016-12-31,315
Roza Robota,2015-12-31,6486
Roza Robota,2016-12-31,7575
Land lot,2015-12-31,36927
Land lot,2016-12-31,32084
Richard Arkwright,2015-12-31,57731
Richard Arkwright,2016-12-31,66843
Solar charger,2015-12-31,31959
Solar charger,2016-12-31,21755
Avianca Flight 011,2015-12-31,14127
Avianca Flight 011,2016-12-31,11583
Toroidal inductors and transformers,2015-12-31,38621
Toroidal inductors and transformers,2016-12-31,30721
Sexx Laws,2015-12-31,134165
Sexx Laws,2016-12-31,58059
Hehekou Township,2015-12-31,294
Hehekou Township,2016-12-31,248
Bithynia pygmaea,2015-12-31,187
Bithynia pygmaea,2016-12-31,196
Hypatius (consul 500),2015-12-31,4519
Hypatius (consul 500),2016-12-31,4025
Nappa Merrie,2015-12-31,1207
Nappa Merrie,2016-12-31,1528
Suns in alchemy,2015-12-31,9935
Suns in alchemy,2016-12-31,9226
Cielądz,2015-12-31,310
Cielądz,2016-12-31,277
Mary River National Park,2015-12-31,1350
Mary River National Park,2016-12-31,1069
Hymenula affinis,2015-12-31,370
Hymenula affinis,2016-12-31,261
The Poetry Collection,2015-12-31,429
The Poetry Collection,2016-12-31,391
Altônia,2015-12-31,764
Altônia,2016-12-31,448
Spot beam,2015-12-31,5537
Spot beam,2016-12-31,5012
German submarine U-821,2015-12-31,1729
German submarine U-821,2016-12-31,1135
Leucas aspera,2015-12-31,9323
Leucas aspera,2016-12-31,8454
Savore Sanguino,2015-12-31,1271
Savore Sanguino,2016-12-31,1219
The GrooveGrass Boyz,2015-12-31,1077
The GrooveGrass Boyz,2016-12-31,846
Acilius (genus),2015-12-31,752
Acilius (genus),2016-12-31,636
Undule Mwakasungula,2015-12-31,627
Undule Mwakasungula,2016-12-31,441
Charles J. O'Malley,2015-12-31,309
Charles J. O'Malley,2016-12-31,177
Operation Web Tryp,2015-12-31,4509
Operation Web Tryp,2016-12-31,3165
Andamia tetradactylus,2015-12-31,391
Andamia tetradactylus,2016-12-31,218
Bolandra californica,2015-12-31,426
Bolandra californica,2016-12-31,289
Marshal of Bolivia,2015-12-31,757
Marshal of Bolivia,2016-12-31,579
Cyffylliog,2015-12-31,1037
Cyffylliog,2016-12-31,889
Hermética,2015-12-31,2494
Hermética,2016-12-31,2719
1963 WCHA Men's Ice Hockey Tournament,2015-12-31,311
1963 WCHA Men's Ice Hockey Tournament,2016-12-31,272
Pseudamnicola brachia,2015-12-31,240
Pseudamnicola brachia,2016-12-31,185
Dmitry Grigorovich,2015-12-31,2340
Dmitry Grigorovich,2016-12-31,2306
Laura Kraut,2015-12-31,2382
Laura Kraut,2016-12-31,2248
Mesa Grande Band of Diegueno Mission Indians,2015-12-31,1884
Mesa Grande Band of Diegueno Mission Indians,2016-12-31,1483
Flodafors,2015-12-31,393
Flodafors,2016-12-31,303
Sabotage (2014 film),2015-12-31,254384
Sabotage (2014 film),2016-12-31,190885
Perai,2015-12-31,4002
Perai,2016-12-31,3192
John Navarre,2015-12-31,11640
John Navarre,2016-12-31,7501
Namdeo Jadav,2015-12-31,2089
Namdeo Jadav,2016-12-31,1399
José Antonio Noriega,2015-12-31,3299
José Antonio Noriega,2016-12-31,2697
Dark Shadows by Marilyn Ross,2015-12-31,1120
Dark Shadows by Marilyn Ross,2016-12-31,1169
1925 Florida Gators football team,2015-12-31,1920
1925 Florida Gators football team,2016-12-31,1003
Cunningham Communication,2015-12-31,1141
Cunningham Communication,2016-12-31,868
"Bénouville, Seine-Maritime",2015-12-31,1054
"Bénouville, Seine-Maritime",2016-12-31,772
Kincardine O'Neil,2015-12-31,1466
Kincardine O'Neil,2016-12-31,1857
Sophocles Sophocleous,2015-12-31,653
Sophocles Sophocleous,2016-12-31,449
University Hospital Crosshouse,2015-12-31,2676
University Hospital Crosshouse,2016-12-31,2847
Alan Ford (actor),2015-12-31,68839
Alan Ford (actor),2016-12-31,54688
Periyavalayam,2015-12-31,295
Periyavalayam,2016-12-31,337
Alex Chmurski,2015-12-31,311
Alex Chmurski,2016-12-31,262
Artemus Gates,2015-12-31,2094
Artemus Gates,2016-12-31,2552
Little Tail Story,2015-12-31,6187
Little Tail Story,2016-12-31,4856
Sambucus gaudichaudiana,2015-12-31,1354
Sambucus gaudichaudiana,2016-12-31,931
Planets (Eloy album),2015-12-31,2257
Planets (Eloy album),2016-12-31,2263
Diriye Osman,2015-12-31,2910
Diriye Osman,2016-12-31,1890
2012 Città di Caltanissetta – Singles,2015-12-31,320
2012 Città di Caltanissetta – Singles,2016-12-31,228
Freels Farm Mounds,2015-12-31,744
Freels Farm Mounds,2016-12-31,606
Zabojnica,2015-12-31,380
Zabojnica,2016-12-31,280
Unnikrishnan Thiruvazhiyode,2015-12-31,1556
Unnikrishnan Thiruvazhiyode,2016-12-31,1223
Lullington Heath,2015-12-31,850
Lullington Heath,2016-12-31,618
Łosośna Mała,2015-12-31,331
Łosośna Mała,2016-12-31,214
Lithuanian National Symphony Orchestra,2015-12-31,1079
Lithuanian National Symphony Orchestra,2016-12-31,978
Feel (Robbie Williams song),2015-12-31,23948
Feel (Robbie Williams song),2016-12-31,18734
Carnwath Farms Historic Site & Park,2015-12-31,377
Carnwath Farms Historic Site & Park,2016-12-31,487
Phylis Smith,2015-12-31,2294
Phylis Smith,2016-12-31,1394
Roman Catholicism in Ireland,2015-12-31,28418
Roman Catholicism in Ireland,2016-12-31,28043
Sultans Trail,2015-12-31,3586
Sultans Trail,2016-12-31,2917
Great Comet of 1823,2015-12-31,2454
Great Comet of 1823,2016-12-31,2289
Telemetry Orchestra,2015-12-31,969
Telemetry Orchestra,2016-12-31,929
Lunt Silversmiths,2015-12-31,2715
Lunt Silversmiths,2016-12-31,2215
John Benger,2015-12-31,325
John Benger,2016-12-31,181
"Edosaki, Ibaraki",2015-12-31,818
"Edosaki, Ibaraki",2016-12-31,552
Novi Pot,2015-12-31,331
Novi Pot,2016-12-31,219
Ruth Levitas,2015-12-31,1874
Ruth Levitas,2016-12-31,2462
The Breed Holds Good,2015-12-31,333
The Breed Holds Good,2016-12-31,241
Apparel industry of Sri Lanka,2015-12-31,14474
Apparel industry of Sri Lanka,2016-12-31,12942
1915 Quetzalcóatl,2016-12-31,170
Zero divisor,2015-12-31,14901
Zero divisor,2016-12-31,12943
Maria Lähteenmäki,2015-12-31,367
Maria Lähteenmäki,2016-12-31,277
Noob Saibot,2015-12-31,127026
Noob Saibot,2016-12-31,96864
Antanimbary,2015-12-31,395
Antanimbary,2016-12-31,302
"Aix, Nord",2015-12-31,1210
"Aix, Nord",2016-12-31,872
Pinakini satygraha Ashramam,2015-12-31,184
Pinakini satygraha Ashramam,2016-12-31,169
1855 in Scotland,2015-12-31,1429
1855 in Scotland,2016-12-31,828
Avon Dassett,2015-12-31,1226
Avon Dassett,2016-12-31,1069
Bureau of Civil Aviation Security,2015-12-31,2972
Bureau of Civil Aviation Security,2016-12-31,2767
Pawansa,2015-12-31,330
Pawansa,2016-12-31,327
Dete train crash,2015-12-31,955
Dete train crash,2016-12-31,855
Regional Elite Airline Services,2015-12-31,1790
Regional Elite Airline Services,2016-12-31,1799
Biblical manuscript,2015-12-31,59287
Biblical manuscript,2016-12-31,65397
Ioan Pop,2015-12-31,913
Ioan Pop,2016-12-31,808
Aeolian (album),2015-12-31,3497
Aeolian (album),2016-12-31,2457
William Barry Lord,2015-12-31,469
William Barry Lord,2016-12-31,403
Ervil LeBaron,2015-12-31,34930
Ervil LeBaron,2016-12-31,35824
"Chris Brown (cricketer, born 1973)",2015-12-31,423
"Chris Brown (cricketer, born 1973)",2016-12-31,452
Stornara,2015-12-31,940
Stornara,2016-12-31,682
Big Chill Super Chargers,2015-12-31,1638
Big Chill Super Chargers,2016-12-31,1184
Tom and Jerry: Blast Off to Mars,2015-12-31,12799
Tom and Jerry: Blast Off to Mars,2016-12-31,10311
English Narrows,2015-12-31,576
English Narrows,2016-12-31,503
Whittier Boulevard,2015-12-31,3592
Whittier Boulevard,2016-12-31,3888
Isolobodon,2015-12-31,464
Isolobodon,2016-12-31,532
Yahudi Ki Ladki,2015-12-31,2115
Yahudi Ki Ladki,2016-12-31,1297
Ulopeza denticulalis,2015-12-31,207
Ulopeza denticulalis,2016-12-31,172
"Tepe, Gülnar",2015-12-31,331
"Tepe, Gülnar",2016-12-31,233
Canada's Worst Handyman 5,2015-12-31,1493
Canada's Worst Handyman 5,2016-12-31,1187
Halo: Spartan Strike,2015-12-31,82326
Halo: Spartan Strike,2016-12-31,27613
Kalfaret,2015-12-31,1222
Kalfaret,2016-12-31,1132
Fort Phantom Hill,2015-12-31,3982
Fort Phantom Hill,2016-12-31,3636
Eulaema,2015-12-31,1526
Eulaema,2016-12-31,1239
Senarclens,2015-12-31,668
Senarclens,2016-12-31,556
"Symphony No. 1 ""The Lord of the Rings""",2015-12-31,5618
"Symphony No. 1 ""The Lord of the Rings""",2016-12-31,5163
2011 Conference USA football season,2015-12-31,1151
2011 Conference USA football season,2016-12-31,724
Mill Rift Hall,2015-12-31,737
Mill Rift Hall,2016-12-31,533
Waata Pihikete Kukutai,2015-12-31,332
Waata Pihikete Kukutai,2016-12-31,215
Philipo Mulugo,2015-12-31,1035
Philipo Mulugo,2016-12-31,688
Freedom of religion in Cambodia,2015-12-31,2218
Freedom of religion in Cambodia,2016-12-31,1848
Old Seminary Building,2015-12-31,558
Old Seminary Building,2016-12-31,416
The Burning Land,2015-12-31,41217
The Burning Land,2016-12-31,19247
Tim DeLaughter,2015-12-31,12402
Tim DeLaughter,2016-12-31,12869
Dragoncharm,2015-12-31,772
Dragoncharm,2016-12-31,856
Ras Kass,2015-12-31,46425
Ras Kass,2016-12-31,35361
Ben Aronson,2015-12-31,3478
Ben Aronson,2016-12-31,1126
Xia Lina,2015-12-31,410
Xia Lina,2016-12-31,388
Afshjerd,2015-12-31,284
Afshjerd,2016-12-31,209
Karl Marx,2015-12-31,1325148
Karl Marx,2016-12-31,1320151
A Frolic of His Own,2015-12-31,6642
A Frolic of His Own,2016-12-31,5260
David Hacker,2015-12-31,531
David Hacker,2016-12-31,415
"Harsh, Sikar",2015-12-31,2049
"Harsh, Sikar",2016-12-31,1515
"Salehabad, Ilam",2015-12-31,498
"Salehabad, Ilam",2016-12-31,460
Löffler's syndrome,2015-12-31,32611
Löffler's syndrome,2016-12-31,28415
All-terrain tyre,2015-12-31,3169
All-terrain tyre,2016-12-31,2514
Peter Frei,2015-12-31,568
Peter Frei,2016-12-31,355
Vicente Romo,2015-12-31,1712
Vicente Romo,2016-12-31,1555
"Wakakusa, Yamanashi",2015-12-31,339
"Wakakusa, Yamanashi",2016-12-31,315
Trinity Anglican Church (Ottawa),2015-12-31,501
Trinity Anglican Church (Ottawa),2016-12-31,451
"Three States, Louisiana and Texas",2015-12-31,844
"Three States, Louisiana and Texas",2016-12-31,835
A Mulher Invisível,2015-12-31,1947
A Mulher Invisível,2016-12-31,1585
Military Merit Medal (Vietnam),2015-12-31,3247
Military Merit Medal (Vietnam),2016-12-31,2653
"Inverclyde Council election, 2007",2015-12-31,686
"Inverclyde Council election, 2007",2016-12-31,551
"Beth Israel Synagogue (Norwalk, Connecticut)",2015-12-31,761
"Beth Israel Synagogue (Norwalk, Connecticut)",2016-12-31,595
Trzcianne,2015-12-31,871
Trzcianne,2016-12-31,776
Jeremy Robinson,2015-12-31,18109
Jeremy Robinson,2016-12-31,9447
Melanolycaena,2015-12-31,356
Melanolycaena,2016-12-31,236
Anup Ghoshal,2015-12-31,8283
Anup Ghoshal,2016-12-31,6843
John McCauley (referee),2015-12-31,1306
John McCauley (referee),2016-12-31,3337
City Charter High School,2015-12-31,2142
City Charter High School,2016-12-31,1650
Lincoln Holroyd,2015-12-31,441
Lincoln Holroyd,2016-12-31,572
Thomas Blanchet,2015-12-31,748
Thomas Blanchet,2016-12-31,682
Governing Council of the European Central Bank,2015-12-31,4477
Governing Council of the European Central Bank,2016-12-31,2689
Colachel,2015-12-31,4670
Colachel,2016-12-31,7825
Torab-e Vosta,2015-12-31,669
Torab-e Vosta,2016-12-31,407
XV (album),2015-12-31,4581
XV (album),2016-12-31,3761
"Candidates of the Australian federal election, 1913",2015-12-31,381
"Candidates of the Australian federal election, 1913",2016-12-31,312
Andy Warrington,2015-12-31,3839
Andy Warrington,2016-12-31,3192
Golden Gate Baptist Theological Seminary,2015-12-31,4647
Golden Gate Baptist Theological Seminary,2016-12-31,4023
English cricket team in the West Indies in 1989–90,2015-12-31,878
English cricket team in the West Indies in 1989–90,2016-12-31,795
1973 New York Jets season,2015-12-31,2712
1973 New York Jets season,2016-12-31,2373
Pat Fraley,2015-12-31,17953
Pat Fraley,2016-12-31,18561
Ralph Kohl,2015-12-31,1019
Ralph Kohl,2016-12-31,988
Vartan Gregorian,2015-12-31,11609
Vartan Gregorian,2016-12-31,10697
David Hamilton (bishop),2015-12-31,360
David Hamilton (bishop),2016-12-31,377
Viljakkala,2015-12-31,614
Viljakkala,2016-12-31,548
2011–12 NCAA Division I women's basketball rankings,2015-12-31,411
2011–12 NCAA Division I women's basketball rankings,2016-12-31,331
Showgirl (album),2015-12-31,1261
Showgirl (album),2016-12-31,977
"Rockwood, Tennessee",2015-12-31,7174
"Rockwood, Tennessee",2016-12-31,5950
Petrograd formula,2015-12-31,413
Petrograd formula,2016-12-31,275
Duncan Worsley,2015-12-31,547
Duncan Worsley,2016-12-31,385
Jason (high priest),2015-12-31,5601
Jason (high priest),2016-12-31,3694
Andreas Farny,2015-12-31,246
Andreas Farny,2016-12-31,160
Philippine Standard Time,2015-12-31,23799
Philippine Standard Time,2016-12-31,20441
Pro Arte Quartet,2015-12-31,2821
Pro Arte Quartet,2016-12-31,2312
Andy Bor,2015-12-31,611
Andy Bor,2016-12-31,521
El valle de los miserables,2015-12-31,690
El valle de los miserables,2016-12-31,496
"Seel, Central Java",2015-12-31,158
"Seel, Central Java",2016-12-31,112
Stig Hvalryg,2015-12-31,425
Stig Hvalryg,2016-12-31,334
Meyrignac-l'Église,2015-12-31,482
Meyrignac-l'Église,2016-12-31,367
Francis G. Neylon,2015-12-31,242
Francis G. Neylon,2016-12-31,153
Dominic Douglas,2015-12-31,751
Dominic Douglas,2016-12-31,645
Drink offering,2015-12-31,2516
Drink offering,2016-12-31,2415
Carlos del Junco,2015-12-31,2750
Carlos del Junco,2016-12-31,2291
Eltham College (Victoria),2015-12-31,1737
Eltham College (Victoria),2016-12-31,1588
2007 Munster Senior Hurling Championship Final,2015-12-31,743
2007 Munster Senior Hurling Championship Final,2016-12-31,466
Tom James,2015-12-31,5271
Tom James,2016-12-31,5205
Darya Petrovna Saltykova,2015-12-31,1156
Darya Petrovna Saltykova,2016-12-31,890
Least yellow bat,2015-12-31,644
Least yellow bat,2016-12-31,504
Chruszczyna Wielka,2015-12-31,364
Chruszczyna Wielka,2016-12-31,273
Maximum Collection (Max album),2015-12-31,424
Maximum Collection (Max album),2016-12-31,376
SBS World News,2015-12-31,8765
SBS World News,2016-12-31,7721
Raja Khishtasub Khan,2015-12-31,322
Raja Khishtasub Khan,2016-12-31,191
Zuzana Geislerová,2015-12-31,3169
Zuzana Geislerová,2016-12-31,2761
Orobanche uniflora,2015-12-31,1005
Orobanche uniflora,2016-12-31,1059
Žač,2015-12-31,395
Žač,2016-12-31,324
Castra of Sărățeni,2015-12-31,261
Castra of Sărățeni,2016-12-31,231
The Thibaults,2015-12-31,4141
The Thibaults,2016-12-31,3046
2010 in Albanian television,2015-12-31,520
2010 in Albanian television,2016-12-31,463
Minchina Ota (1980 film),2015-12-31,6746
Minchina Ota (1980 film),2016-12-31,5013
Denny Lambert,2015-12-31,1479
Denny Lambert,2016-12-31,1316
Don Davis (defensive tackle),2015-12-31,1175
Don Davis (defensive tackle),2016-12-31,790
The Day of Reckoning (film),2015-12-31,438
The Day of Reckoning (film),2016-12-31,343
Spa-La Sauvenière Airport,2015-12-31,1345
Spa-La Sauvenière Airport,2016-12-31,1150
North American Lacrosse League,2015-12-31,2114
North American Lacrosse League,2016-12-31,2233
Advance Australia Party,2015-12-31,1332
Advance Australia Party,2016-12-31,1069
Estoloides chamelae,2015-12-31,375
Estoloides chamelae,2016-12-31,347
Hillblazers,2015-12-31,590
Hillblazers,2016-12-31,483
Wild Arms Music the Best -feeling wind-,2015-12-31,673
Wild Arms Music the Best -feeling wind-,2016-12-31,430
Pelecanus tirarensis,2015-12-31,707
Pelecanus tirarensis,2016-12-31,510
Aircraft Mechanics Fraternal Association,2015-12-31,1553
Aircraft Mechanics Fraternal Association,2016-12-31,1344
Kazi Farms Group,2015-12-31,3262
Kazi Farms Group,2016-12-31,3171
Alberto Weretilneck,2015-12-31,1345
Alberto Weretilneck,2016-12-31,839
Đống Đa District,2015-12-31,1728
Đống Đa District,2016-12-31,1641
2008 Mid-American Conference Baseball Tournament,2015-12-31,336
2008 Mid-American Conference Baseball Tournament,2016-12-31,272
"Morganville, New Jersey",2015-12-31,8237
"Morganville, New Jersey",2016-12-31,6333
Shelkovskaya,2015-12-31,651
Shelkovskaya,2016-12-31,584
Medina Dam,2015-12-31,1556
Medina Dam,2016-12-31,1405
Hakkari Mountain and Commando Brigade,2015-12-31,3537
Hakkari Mountain and Commando Brigade,2016-12-31,2368
Schoenoplectus saximontanus,2015-12-31,388
Schoenoplectus saximontanus,2016-12-31,256
Wang Zhen's Former Residence,2015-12-31,224
Wang Zhen's Former Residence,2016-12-31,188
Nanodomain,2015-12-31,960
Nanodomain,2016-12-31,805
"East Machias, Maine",2015-12-31,1519
"East Machias, Maine",2016-12-31,1773
Ali Hamid El-Aila,2015-12-31,399
Ali Hamid El-Aila,2016-12-31,309
Tezozomoctli (Cuauhtitlan),2015-12-31,657
Tezozomoctli (Cuauhtitlan),2016-12-31,657
Nierstein,2015-12-31,2762
Nierstein,2016-12-31,2064
1989 TFL Statewide League season,2015-12-31,510
1989 TFL Statewide League season,2016-12-31,409
LeGrand (band),2015-12-31,402
LeGrand (band),2016-12-31,459
Interpines sanitarium,2015-12-31,384
Interpines sanitarium,2016-12-31,375
1995–96 Cypriot Cup,2015-12-31,339
1995–96 Cypriot Cup,2016-12-31,867
Tropical Storm Amy (1975),2015-12-31,1389
Tropical Storm Amy (1975),2016-12-31,774
WRSJ,2015-12-31,1715
WRSJ,2016-12-31,1144
Kosta Khetagurov,2015-12-31,3528
Kosta Khetagurov,2016-12-31,1942
Seung (Korean name),2015-12-31,2962
Seung (Korean name),2016-12-31,2858
Mars Bonfire,2015-12-31,12511
Mars Bonfire,2016-12-31,10444
Lola Dutronic Album 2 – The Love Parade,2015-12-31,278
Lola Dutronic Album 2 – The Love Parade,2016-12-31,282
Lady Bunny,2015-12-31,53615
Lady Bunny,2016-12-31,56387
Jake Fey,2015-12-31,642
Jake Fey,2016-12-31,604
SPIC (Indian company),2015-12-31,5354
SPIC (Indian company),2016-12-31,7076
The Dog (film),2015-12-31,1281
The Dog (film),2016-12-31,811
Vendetta... sarda,2015-12-31,570
Vendetta... sarda,2016-12-31,496
Special Division,2015-12-31,321
Special Division,2016-12-31,256
Julia Castelló,2015-12-31,623
Julia Castelló,2016-12-31,585
Mieke Wijaya,2015-12-31,1187
Mieke Wijaya,2016-12-31,1454
1998 Pilot Pen International – Women's Singles,2015-12-31,283
1998 Pilot Pen International – Women's Singles,2016-12-31,224
Timmis,2015-12-31,1466
Timmis,2016-12-31,1228
"Pensavo fosse amore, invece era un calesse",2015-12-31,1670
"Pensavo fosse amore, invece era un calesse",2016-12-31,1200
Lucjan Kudzia,2015-12-31,501
Lucjan Kudzia,2016-12-31,357
"John Cougar, John Deere, John 3:16",2015-12-31,55765
"John Cougar, John Deere, John 3:16",2016-12-31,23901
"Night, Silence, Desert",2015-12-31,533
"Night, Silence, Desert",2016-12-31,455
I'm with Busey,2015-12-31,6149
I'm with Busey,2016-12-31,4565
Anumanthan Kumar,2015-12-31,1099
Anumanthan Kumar,2016-12-31,1226
Karimabad-e Eskandari,2015-12-31,415
Karimabad-e Eskandari,2016-12-31,331
Netherlands at the 1976 Winter Olympics,2015-12-31,684
Netherlands at the 1976 Winter Olympics,2016-12-31,591
Herpetogramma subalbescens,2015-12-31,311
Herpetogramma subalbescens,2016-12-31,196
Lay Down My Pride,2015-12-31,481
Lay Down My Pride,2016-12-31,453
Fyvie railway station,2015-12-31,405
Fyvie railway station,2016-12-31,338
Semeljci,2015-12-31,1016
Semeljci,2016-12-31,716
Vimana,2015-12-31,71822
Vimana,2016-12-31,59842
Mikel Dunham,2015-12-31,731
Mikel Dunham,2016-12-31,534
Myotis escalerai,2015-12-31,28567
Myotis escalerai,2016-12-31,2550
Xingdong Station,2015-12-31,573
Xingdong Station,2016-12-31,486
Andrea Blas,2015-12-31,781
Andrea Blas,2016-12-31,536
Asaphocrita plagiatella,2015-12-31,202
Asaphocrita plagiatella,2016-12-31,194
Leytonstone F.C.,2015-12-31,3480
Leytonstone F.C.,2016-12-31,2904
Felbenbach,2015-12-31,319
Felbenbach,2016-12-31,198
32nd Canadian Parliament,2015-12-31,4048
32nd Canadian Parliament,2016-12-31,2122
Jourgnac,2015-12-31,647
Jourgnac,2016-12-31,474
Dubai British School,2015-12-31,3178
Dubai British School,2016-12-31,2755
Piccadilly Circus (song),2015-12-31,1296
Piccadilly Circus (song),2016-12-31,1081
"Khushaat, Selenge",2015-12-31,388
"Khushaat, Selenge",2016-12-31,330
Windrush (TV series),2015-12-31,1321
Windrush (TV series),2016-12-31,1027
Brutus2D,2015-12-31,467
Brutus2D,2016-12-31,371
The Vic Theatre,2015-12-31,6081
The Vic Theatre,2016-12-31,6516
Exceptia sisterina,2015-12-31,213
Exceptia sisterina,2016-12-31,185
Les Oreilles,2015-12-31,456
Les Oreilles,2016-12-31,293
"Osino, Nevada",2015-12-31,1003
"Osino, Nevada",2016-12-31,789
Carbonicola,2015-12-31,991
Carbonicola,2016-12-31,939
2006 Tour of the Basque Country,2015-12-31,793
2006 Tour of the Basque Country,2016-12-31,604
Edmund Hakewill-Smith,2015-12-31,1148
Edmund Hakewill-Smith,2016-12-31,1075
Princess Isabella of Parma,2015-12-31,14687
Princess Isabella of Parma,2016-12-31,11926
.pm,2015-12-31,8510
.pm,2016-12-31,6588
Qarabağ,2015-12-31,3062
Qarabağ,2016-12-31,1015
Still Falling in Love,2015-12-31,669
Still Falling in Love,2016-12-31,547
Ross Skiffington,2015-12-31,786
Ross Skiffington,2016-12-31,526
Peavine Metis Settlement,2015-12-31,1165
Peavine Metis Settlement,2016-12-31,877
Minuscule 514,2015-12-31,226
Minuscule 514,2016-12-31,222
Eugene A. Besson,2015-12-31,405
Eugene A. Besson,2016-12-31,304
Dar Chaffai,2015-12-31,1098
Dar Chaffai,2016-12-31,502
Gros Horloge,2015-12-31,3981
Gros Horloge,2016-12-31,3790
Chailly-en-Gâtinais,2015-12-31,673
Chailly-en-Gâtinais,2016-12-31,493
Cotts baronets,2015-12-31,650
Cotts baronets,2016-12-31,486
Killing of Moshe Barsky,2015-12-31,992
Killing of Moshe Barsky,2016-12-31,1025
Why Is the Crow Black-Coated,2015-12-31,621
Why Is the Crow Black-Coated,2016-12-31,549
Harry Field (rugby league),2015-12-31,418
Harry Field (rugby league),2016-12-31,253
Xhevdet Llumnica,2015-12-31,819
Xhevdet Llumnica,2016-12-31,671
"20,000 Watt R.S.L.",2015-12-31,4687
"20,000 Watt R.S.L.",2016-12-31,3971
Fresh Aire Interludes,2015-12-31,963
Fresh Aire Interludes,2016-12-31,585
Indian Pentecostal Church of God,2015-12-31,10001
Indian Pentecostal Church of God,2016-12-31,8637
Anfinn Øien,2015-12-31,330
Anfinn Øien,2016-12-31,238
Achhalda,2015-12-31,861
Achhalda,2016-12-31,1061
USS Morris (1778),2015-12-31,786
USS Morris (1778),2016-12-31,612
"Eğerlibaşköy, Kızılcahamam",2015-12-31,324
"Eğerlibaşköy, Kızılcahamam",2016-12-31,242
11th Alpini Regiment,2015-12-31,834
11th Alpini Regiment,2016-12-31,480
Tinissa cultellata,2015-12-31,229
Tinissa cultellata,2016-12-31,147
"Genuiyeh, Dashtab",2015-12-31,307
"Genuiyeh, Dashtab",2016-12-31,243
Chalalan,2015-12-31,734
Chalalan,2016-12-31,995
"Aliabad, Esfarayen",2015-12-31,300
"Aliabad, Esfarayen",2016-12-31,224
Give-and-go,2015-12-31,2421
Give-and-go,2016-12-31,2076
Dominique Fred,2015-12-31,840
Dominique Fred,2016-12-31,642
Dolby Theatre,2015-12-31,71672
Dolby Theatre,2016-12-31,224851
Life imprisonment in Poland,2015-12-31,944
Life imprisonment in Poland,2016-12-31,783
Branco River (São Paulo),2015-12-31,309
Branco River (São Paulo),2016-12-31,262
1995 3. Divisjon,2015-12-31,537
1995 3. Divisjon,2016-12-31,371
Inoxydable,2015-12-31,892
Inoxydable,2016-12-31,740
Bruno Riem,2015-12-31,386
Bruno Riem,2016-12-31,190
Amarillo Independent School District,2015-12-31,2518
Amarillo Independent School District,2016-12-31,1930
2011–12 FC Politehnica Timișoara season,2015-12-31,773
2011–12 FC Politehnica Timișoara season,2016-12-31,615
Prostitution in Europe,2015-12-31,74650
Prostitution in Europe,2016-12-31,56728
Hayato Nakamura,2015-12-31,457
Hayato Nakamura,2016-12-31,354
Anti-Cigarette League of America,2015-12-31,1250
Anti-Cigarette League of America,2016-12-31,888
"Valencian parliamentary election, 2007",2015-12-31,633
"Valencian parliamentary election, 2007",2016-12-31,433
Takeshi Konomi,2015-12-31,5987
Takeshi Konomi,2016-12-31,4335
Marathon de La Rochelle,2015-12-31,873
Marathon de La Rochelle,2016-12-31,703
"Jamnice, Czech Republic",2015-12-31,375
"Jamnice, Czech Republic",2016-12-31,328
Abba Kompaneyets,2015-12-31,314
Abba Kompaneyets,2016-12-31,245
Dennis Irwin,2015-12-31,3533
Dennis Irwin,2016-12-31,3422
Tierra de Nadie (Barón Rojo album),2015-12-31,648
Tierra de Nadie (Barón Rojo album),2016-12-31,542
Mo Dutta,2015-12-31,2413
Mo Dutta,2016-12-31,2130
Villa Cariño está que arde,2015-12-31,300
Villa Cariño está que arde,2016-12-31,213
"Cholest-5-ene-3beta,7alpha-diol 3beta-dehydrogenase",2015-12-31,484
"Cholest-5-ene-3beta,7alpha-diol 3beta-dehydrogenase",2016-12-31,314
We Got Hood Love,2015-12-31,2502
We Got Hood Love,2016-12-31,2030
Hit 'Em Up Style (Oops!),2015-12-31,15138
Hit 'Em Up Style (Oops!),2016-12-31,15046
Humanitas Prize,2015-12-31,5839
Humanitas Prize,2016-12-31,8342
Collared puffbird,2015-12-31,867
Collared puffbird,2016-12-31,844
Sewage,2015-12-31,104688
Sewage,2016-12-31,92273
Source Sans Pro,2015-12-31,10726
Source Sans Pro,2016-12-31,9064
44th Infantry Brigade (United Kingdom),2015-12-31,915
44th Infantry Brigade (United Kingdom),2016-12-31,702
VP8,2015-12-31,41233
VP8,2016-12-31,29953
Viktória Kužmová,2015-12-31,1282
Viktória Kužmová,2016-12-31,1448
Iaitō,2015-12-31,18049
Iaitō,2016-12-31,15894
Cercina,2015-12-31,580
Cercina,2016-12-31,590
National Security Council (United Kingdom),2015-12-31,10610
National Security Council (United Kingdom),2016-12-31,8294
Times Community Media,2015-12-31,951
Times Community Media,2016-12-31,837
Peter Bramley (cricketer),2015-12-31,434
Peter Bramley (cricketer),2016-12-31,290
"Feathers Hotel, Ludlow",2015-12-31,2858
"Feathers Hotel, Ludlow",2016-12-31,2373
KNAU,2015-12-31,1210
KNAU,2016-12-31,1043
"Myki, Greece",2015-12-31,1205
"Myki, Greece",2016-12-31,1026
Christoffer Persson,2015-12-31,463
Christoffer Persson,2016-12-31,367
Adolphe Monod,2015-12-31,1691
Adolphe Monod,2016-12-31,1566
Tennis at the 2009 Southeast Asian Games – Mixed Doubles,2015-12-31,292
Tennis at the 2009 Southeast Asian Games – Mixed Doubles,2016-12-31,226
S. Rajendran (AIADMK politician),2015-12-31,743
S. Rajendran (AIADMK politician),2016-12-31,785
Kapitein Rob,2015-12-31,419
Kapitein Rob,2016-12-31,815
Paulo Frederico Benevenute,2015-12-31,2095
Paulo Frederico Benevenute,2016-12-31,1322
Omuku,2015-12-31,1868
Omuku,2016-12-31,1683
Nestor Serrano,2015-12-31,26288
Nestor Serrano,2016-12-31,23797
"Dola, Bileća",2015-12-31,169
"Dola, Bileća",2016-12-31,179
Orca Symphony No. 1,2015-12-31,9530
Orca Symphony No. 1,2016-12-31,8149
Skilligan's Island,2015-12-31,1787
Skilligan's Island,2016-12-31,1153
Ulaangom Airport,2015-12-31,1475
Ulaangom Airport,2016-12-31,1374
SS Orsova (1953),2015-12-31,2408
SS Orsova (1953),2016-12-31,2495
Hook (bowling),2015-12-31,6788
Hook (bowling),2016-12-31,6060
Desmodium,2015-12-31,16380
Desmodium,2016-12-31,12377
"Romilly, Loir-et-Cher",2015-12-31,391
"Romilly, Loir-et-Cher",2016-12-31,322
Anterior jugular vein,2015-12-31,8557
Anterior jugular vein,2016-12-31,7662
The Last Goodbye (Atomic Kitten song),2015-12-31,2297
The Last Goodbye (Atomic Kitten song),2016-12-31,1862
Protected areas of Kerala,2015-12-31,9642
Protected areas of Kerala,2016-12-31,7090
Free Association of German Trade Unions,2015-12-31,4070
Free Association of German Trade Unions,2016-12-31,3794
14th Manitoba Legislature,2015-12-31,721
14th Manitoba Legislature,2016-12-31,399
Düsseldorf-Golzheim,2015-12-31,1238
Düsseldorf-Golzheim,2016-12-31,959
Agribusiness Teaching Center,2015-12-31,1328
Agribusiness Teaching Center,2016-12-31,953
Metacrambus deprinsi,2015-12-31,138
Metacrambus deprinsi,2016-12-31,130
Erastriopis,2015-12-31,188
Erastriopis,2016-12-31,127
J. C. Bhattacharyya,2015-12-31,827
J. C. Bhattacharyya,2016-12-31,631
Giorgio Orsoni,2015-12-31,2034
Giorgio Orsoni,2016-12-31,1573
Harry Jayawardena,2015-12-31,7271
Harry Jayawardena,2016-12-31,6239
Kord Ahmad-e Sofla,2015-12-31,370
Kord Ahmad-e Sofla,2016-12-31,281
"Check, Virginia",2015-12-31,1146
"Check, Virginia",2016-12-31,830
"Clark, New Jersey",2015-12-31,12530
"Clark, New Jersey",2016-12-31,9793
Vrijhoeven,2015-12-31,351
Vrijhoeven,2016-12-31,224
Nymphidium,2015-12-31,438
Nymphidium,2016-12-31,381
Association of Spanish Footballers,2015-12-31,1418
Association of Spanish Footballers,2016-12-31,1164
Xumarta,2015-12-31,629
Xumarta,2016-12-31,344
Seth Grahame-Smith,2015-12-31,68531
Seth Grahame-Smith,2016-12-31,95850
Alan Paine Radebaugh,2015-12-31,419
Alan Paine Radebaugh,2016-12-31,400
WOPP,2015-12-31,794
WOPP,2016-12-31,701
Makkala Rajya,2015-12-31,1527
Makkala Rajya,2016-12-31,1430
Minami Sanriku Kinkasan Quasi-National Park,2015-12-31,537
Minami Sanriku Kinkasan Quasi-National Park,2016-12-31,417
Simon Bodenmann,2015-12-31,1187
Simon Bodenmann,2016-12-31,632
Bi-specific T-cell engager,2015-12-31,6529
Bi-specific T-cell engager,2016-12-31,6714
2000 IIHF World Championship Final,2015-12-31,980
2000 IIHF World Championship Final,2016-12-31,947
"Thoros III, King of Armenia",2015-12-31,1002
"Thoros III, King of Armenia",2016-12-31,1014
1980 Ohio State Buckeyes football team,2015-12-31,4347
1980 Ohio State Buckeyes football team,2016-12-31,1965
Crowder Formation,2015-12-31,344
Crowder Formation,2016-12-31,379
Cyril Berry,2015-12-31,1708
Cyril Berry,2016-12-31,1329
Delinquent Daughters,2015-12-31,862
Delinquent Daughters,2016-12-31,771
Rangsit Prayurasakdi,2015-12-31,2260
Rangsit Prayurasakdi,2016-12-31,1845
2015 Santosh Trophy qualification,2015-12-31,1494
2015 Santosh Trophy qualification,2016-12-31,829
Comedy Showcase,2015-12-31,3586
Comedy Showcase,2016-12-31,3214
War zone C,2015-12-31,770
War zone C,2016-12-31,804
Eion Katchay,2015-12-31,565
Eion Katchay,2016-12-31,438
8th & Pine (St. Louis MetroLink),2015-12-31,1735
8th & Pine (St. Louis MetroLink),2016-12-31,1023
Golliwog (song),2015-12-31,1701
Golliwog (song),2016-12-31,2536
Josep Lluís Pellicer,2015-12-31,537
Josep Lluís Pellicer,2016-12-31,490
Crossosomataceae,2015-12-31,1156
Crossosomataceae,2016-12-31,966
Võru County Vocational Training Centre,2015-12-31,426
Võru County Vocational Training Centre,2016-12-31,521
Decatur Subdivision,2015-12-31,343
Decatur Subdivision,2016-12-31,304
Dewald Pretorius,2015-12-31,995
Dewald Pretorius,2016-12-31,869
Antonio de la Torre Villalpando,2015-12-31,1243
Antonio de la Torre Villalpando,2016-12-31,1077
Costa Rica Fed Cup team,2015-12-31,766
Costa Rica Fed Cup team,2016-12-31,489
Asparagine—tRNA ligase,2015-12-31,546
Asparagine—tRNA ligase,2016-12-31,562
Raymond Lam,2015-12-31,71835
Raymond Lam,2016-12-31,50619
Nostoc,2015-12-31,34387
Nostoc,2016-12-31,30849
Ita Kozakeviča,2015-12-31,349
Ita Kozakeviča,2016-12-31,272
Natalia Zinchenko,2015-12-31,661
Natalia Zinchenko,2016-12-31,626
Anastasiya Serdyukova,2015-12-31,2909
Anastasiya Serdyukova,2016-12-31,1667
Music of Nier,2015-12-31,15504
Music of Nier,2016-12-31,9824
"Lemon Hill, California",2015-12-31,1664
"Lemon Hill, California",2016-12-31,1341
C. M. College,2015-12-31,1624
C. M. College,2016-12-31,1701
Stan Fritts,2015-12-31,963
Stan Fritts,2016-12-31,646
Gábor J. Székely,2015-12-31,1439
Gábor J. Székely,2016-12-31,1342
NK012,2015-12-31,1166
NK012,2016-12-31,905
"Trinity Episcopal Church (Chocowinity, North Carolina)",2015-12-31,515
"Trinity Episcopal Church (Chocowinity, North Carolina)",2016-12-31,386
The Most Important Person,2015-12-31,2442
The Most Important Person,2016-12-31,2182
Ane Dahl Torp,2015-12-31,9396
Ane Dahl Torp,2016-12-31,26663
Down Under Bowl,2015-12-31,1915
Down Under Bowl,2016-12-31,2097
1667 in France,2015-12-31,508
1667 in France,2016-12-31,483
Aechmea sphaerocephala,2015-12-31,431
Aechmea sphaerocephala,2016-12-31,257
Kaogu,2015-12-31,727
Kaogu,2016-12-31,590
Laurence Olivier Award for Outstanding Achievement in a Musical,2015-12-31,787
Laurence Olivier Award for Outstanding Achievement in a Musical,2016-12-31,771
Diane Rosenbaum,2015-12-31,2731
Diane Rosenbaum,2016-12-31,2228
Regional Assistance Mission to Solomon Islands,2015-12-31,8711
Regional Assistance Mission to Solomon Islands,2016-12-31,7132
Ursula Parrott,2015-12-31,1084
Ursula Parrott,2016-12-31,1281
Withers Stakes,2015-12-31,1286
Withers Stakes,2016-12-31,2229
USS Conflict (AM-85),2015-12-31,612
USS Conflict (AM-85),2016-12-31,500
Lazybones (song),2015-12-31,4127
Lazybones (song),2016-12-31,3677
New Zealand at the 2016 Summer Olympics,2015-12-31,6037
New Zealand at the 2016 Summer Olympics,2016-12-31,13734
Edward N. Whittier,2015-12-31,529
Edward N. Whittier,2016-12-31,392
Jowhar,2015-12-31,7644
Jowhar,2016-12-31,6675
Cabaiguán,2015-12-31,1204
Cabaiguán,2016-12-31,1075
1986 European Super Cup,2015-12-31,4769
1986 European Super Cup,2016-12-31,3581
Amrapali Institute – Lamachaur,2015-12-31,2782
Amrapali Institute – Lamachaur,2016-12-31,1661
LeRon McCoy,2015-12-31,12913
LeRon McCoy,2016-12-31,6571
"Beulahville, Virginia",2015-12-31,448
"Beulahville, Virginia",2016-12-31,407
Yağlıdere,2015-12-31,1233
Yağlıdere,2016-12-31,973
Pele-joez-el-gibbor-abi-ad-sar-shalom,2015-12-31,4260
Pele-joez-el-gibbor-abi-ad-sar-shalom,2016-12-31,3317
The Slutty Pumpkin Returns,2015-12-31,23790
The Slutty Pumpkin Returns,2016-12-31,16246
Abu al-Hassan al-Amiri,2015-12-31,4757
Abu al-Hassan al-Amiri,2016-12-31,3370
Spermidine dehydrogenase,2015-12-31,509
Spermidine dehydrogenase,2016-12-31,314
Jonna Lee (actress),2015-12-31,8793
Jonna Lee (actress),2016-12-31,8497
Akagawa Motoyasu,2015-12-31,614
Akagawa Motoyasu,2016-12-31,472
Sweet Country Music,2015-12-31,1679
Sweet Country Music,2016-12-31,1332
1988 WTA German Open – Singles,2015-12-31,539
1988 WTA German Open – Singles,2016-12-31,397
Alicia Rio,2015-12-31,10328
Alicia Rio,2016-12-31,9110
Stopband,2015-12-31,10394
Stopband,2016-12-31,9289
Sky Destroyer,2015-12-31,2137
Sky Destroyer,2016-12-31,1986
KRPT,2015-12-31,1608
KRPT,2016-12-31,1359
Wander Gross,2015-12-31,219
Wander Gross,2016-12-31,210
Liv Løberg,2015-12-31,609
Liv Løberg,2016-12-31,530
"Stratford-on-Avon by-election, 1909",2015-12-31,386
"Stratford-on-Avon by-election, 1909",2016-12-31,369
Marina (Japanese singer),2015-12-31,13006
Marina (Japanese singer),2016-12-31,7186
Tony Joe White,2015-12-31,45419
Tony Joe White,2016-12-31,36559
Lesbians on Ecstasy,2015-12-31,4377
Lesbians on Ecstasy,2016-12-31,4034
Kelli Arena,2015-12-31,1334
Kelli Arena,2016-12-31,1047
Jabari Brown,2015-12-31,57748
Jabari Brown,2016-12-31,18909
Nite-Wing,2015-12-31,4834
Nite-Wing,2016-12-31,2858
Wicked Tinkers,2015-12-31,1907
Wicked Tinkers,2016-12-31,1694
Mountbolus,2015-12-31,484
Mountbolus,2016-12-31,505
Donchovtsi,2015-12-31,275
Donchovtsi,2016-12-31,237
Tharakki Patti,2015-12-31,311
Tharakki Patti,2016-12-31,214
1981 Canadian Ladies Curling Association Championship,2015-12-31,556
1981 Canadian Ladies Curling Association Championship,2016-12-31,539
"Fairmount Park (Riverside, California)",2015-12-31,2531
"Fairmount Park (Riverside, California)",2016-12-31,2273
Otoyol 53,2015-12-31,588
Otoyol 53,2016-12-31,471
Cuprian Macarencu,2015-12-31,372
Cuprian Macarencu,2016-12-31,305
Death drive,2015-12-31,80827
Death drive,2016-12-31,93171
Eric Vollmecke,2015-12-31,999
Eric Vollmecke,2016-12-31,873
Shrugged,2015-12-31,1419
Shrugged,2016-12-31,1204
"Cathedral of the Immaculate Conception (Portland, Maine)",2015-12-31,2207
"Cathedral of the Immaculate Conception (Portland, Maine)",2016-12-31,1982
"Expanse, Saskatchewan",2015-12-31,1309
"Expanse, Saskatchewan",2016-12-31,1018
CKVH-FM,2015-12-31,727
CKVH-FM,2016-12-31,612
Mujeres Encinta,2015-12-31,843
Mujeres Encinta,2016-12-31,692
Turbonilla subula,2015-12-31,185
Turbonilla subula,2016-12-31,108
Naim Dhifallah,2015-12-31,530
Naim Dhifallah,2016-12-31,349
"Akbarabad, Tuyserkan",2015-12-31,438
"Akbarabad, Tuyserkan",2016-12-31,297
Bis-quits,2015-12-31,635
Bis-quits,2016-12-31,424
Filipino people of Spanish ancestry,2015-12-31,33558
Filipino people of Spanish ancestry,2016-12-31,19457
Interiors (Brad album),2015-12-31,2662
Interiors (Brad album),2016-12-31,2044
Çöl Kartalı,2015-12-31,446
Çöl Kartalı,2016-12-31,344
The Tragical Comedy or Comical Tragedy of Mr. Punch,2015-12-31,6580
The Tragical Comedy or Comical Tragedy of Mr. Punch,2016-12-31,5389
Dikson Island,2015-12-31,4755
Dikson Island,2016-12-31,4591
Chain rule,2015-12-31,231576
Chain rule,2016-12-31,176369
JBA Motors,2015-12-31,8222
JBA Motors,2016-12-31,6129
Euprenolepis variegata,2015-12-31,241
Euprenolepis variegata,2016-12-31,211
Lake Isle of Innisfree,2015-12-31,38201
Lake Isle of Innisfree,2016-12-31,35004
Philippe Mahut,2015-12-31,1296
Philippe Mahut,2016-12-31,988
Bargan,2015-12-31,885
Bargan,2016-12-31,643
Joan Haste,2015-12-31,860
Joan Haste,2016-12-31,683
Sibu Rural District Council,2015-12-31,580
Sibu Rural District Council,2016-12-31,450
Castle of Terror,2015-12-31,1143
Castle of Terror,2016-12-31,877
Graphoanalysis,2015-12-31,3342
Graphoanalysis,2016-12-31,2490
Institute of International and European Affairs,2015-12-31,2149
Institute of International and European Affairs,2016-12-31,1805
Jette Bang,2015-12-31,893
Jette Bang,2016-12-31,687
Cherish Life Queensland,2015-12-31,638
Cherish Life Queensland,2016-12-31,598
Carlos Luna,2015-12-31,3589
Carlos Luna,2016-12-31,2550
Kord (Greyhawk),2015-12-31,11819
Kord (Greyhawk),2016-12-31,11695
Veterans History Project of the Library of Congress American Folklife Center,2015-12-31,1565
Veterans History Project of the Library of Congress American Folklife Center,2016-12-31,1050
Hook nail,2015-12-31,2821
Hook nail,2016-12-31,2224
WGSQ,2015-12-31,917
WGSQ,2016-12-31,832
Stian Hinderson,2015-12-31,3338
Stian Hinderson,2016-12-31,3474
Gangut-class battleship,2015-12-31,24552
Gangut-class battleship,2016-12-31,17508
Peter Nunn,2015-12-31,958
Peter Nunn,2016-12-31,830
Supplicant (computer),2015-12-31,8471
Supplicant (computer),2016-12-31,7055
Matthias Liebers,2015-12-31,937
Matthias Liebers,2016-12-31,771
Dan Cook,2015-12-31,3708
Dan Cook,2016-12-31,3377
Pakistan at the 2014 Asian Beach Games,2015-12-31,631
Pakistan at the 2014 Asian Beach Games,2016-12-31,458
Charles Mitchell (shipbuilder),2015-12-31,1390
Charles Mitchell (shipbuilder),2016-12-31,1127
Psycho Country,2015-12-31,1590
Psycho Country,2016-12-31,1164
Isthmiella,2015-12-31,199
Isthmiella,2016-12-31,185
Tetsushi Sakamoto,2015-12-31,484
Tetsushi Sakamoto,2016-12-31,376
John Norton House,2015-12-31,395
John Norton House,2016-12-31,318
Theater am Olgaeck,2015-12-31,301
Theater am Olgaeck,2016-12-31,320
Mladost 3 Metro Station,2015-12-31,781
Mladost 3 Metro Station,2016-12-31,635
Kodungallur Kovilakam,2015-12-31,2296
Kodungallur Kovilakam,2016-12-31,1696
Maryland Route 372,2015-12-31,1827
Maryland Route 372,2016-12-31,1155
"Dębiny, Toruń County",2015-12-31,379
"Dębiny, Toruń County",2016-12-31,250
Groß Pampau,2015-12-31,891
Groß Pampau,2016-12-31,662
Institute for Quantum Optics and Quantum Information,2015-12-31,961
Institute for Quantum Optics and Quantum Information,2016-12-31,1002
Tavia Nyong'o,2015-12-31,14485
Tavia Nyong'o,2016-12-31,13571
Polish Teachers' Union,2015-12-31,627
Polish Teachers' Union,2016-12-31,540
Coso Hot Springs,2015-12-31,847
Coso Hot Springs,2016-12-31,996
Lepetodrilus sp. East Scotia Ridge,2015-12-31,361
Lepetodrilus sp. East Scotia Ridge,2016-12-31,312
RAF Podington,2015-12-31,4568
RAF Podington,2016-12-31,3739
Abbo (bishop of Soissons),2015-12-31,442
Abbo (bishop of Soissons),2016-12-31,290
Conochuza,2015-12-31,223
Conochuza,2016-12-31,198
Adam Pietrasik,2015-12-31,444
Adam Pietrasik,2016-12-31,238
"Percy Township, Kittson County, Minnesota",2015-12-31,379
"Percy Township, Kittson County, Minnesota",2016-12-31,317
Gene Bowen,2015-12-31,1199
Gene Bowen,2016-12-31,1019
"Ricaurte, Nariño",2015-12-31,676
"Ricaurte, Nariño",2016-12-31,516
"Ameno, Italy",2015-12-31,796
"Ameno, Italy",2016-12-31,771
Commentaria in Aristotelem Graeca,2015-12-31,1357
Commentaria in Aristotelem Graeca,2016-12-31,1569
Tet 1969,2015-12-31,5294
Tet 1969,2016-12-31,4749
2006 RCA Championships – Singles,2015-12-31,385
2006 RCA Championships – Singles,2016-12-31,311
Extended Play Two,2015-12-31,803
Extended Play Two,2016-12-31,649
FORAN System,2015-12-31,1398
FORAN System,2016-12-31,1524
Kerosene (song),2015-12-31,6669
Kerosene (song),2016-12-31,4437
Pilea trianthemoides,2015-12-31,580
Pilea trianthemoides,2016-12-31,841
X and Y bosons,2015-12-31,7742
X and Y bosons,2016-12-31,6492
Louis Tomei,2015-12-31,682
Louis Tomei,2016-12-31,583
Headman Shabalala,2015-12-31,2285
Headman Shabalala,2016-12-31,2024
Barton Mountains,2015-12-31,248
Barton Mountains,2016-12-31,214
Trechus abdurakhmanovi,2015-12-31,231
Trechus abdurakhmanovi,2016-12-31,153
Canadian Pickers,2015-12-31,16684
Canadian Pickers,2016-12-31,13919
Battle of Manila (1570),2015-12-31,2930
Battle of Manila (1570),2016-12-31,2242
European Land-Robot Trial,2015-12-31,1001
European Land-Robot Trial,2016-12-31,831
2006 Internazionali BNL d'Italia – Men's Singles,2015-12-31,1942
2006 Internazionali BNL d'Italia – Men's Singles,2016-12-31,2446
2012–13 SC Paderborn 07 season,2015-12-31,478
2012–13 SC Paderborn 07 season,2016-12-31,560
NCAA Division I Men's Golf Tournament all-time team records,2015-12-31,527
NCAA Division I Men's Golf Tournament all-time team records,2016-12-31,441
Bischofswerda,2015-12-31,2403
Bischofswerda,2016-12-31,2727
Country Rugby League,2015-12-31,4259
Country Rugby League,2016-12-31,4817
Yashar Nadzhafov,2015-12-31,385
Yashar Nadzhafov,2016-12-31,273
Blackburn Meadows Power Station,2015-12-31,3201
Blackburn Meadows Power Station,2016-12-31,2623
Jim Baron,2015-12-31,3101
Jim Baron,2016-12-31,4834
QuantumDigital,2015-12-31,1056
QuantumDigital,2016-12-31,841
Zbigniew Szczepkowski,2015-12-31,331
Zbigniew Szczepkowski,2016-12-31,262
Ialemus,2015-12-31,1683
Ialemus,2016-12-31,1581
Comala,2015-12-31,3553
Comala,2016-12-31,2952
Heffley Creek,2015-12-31,1139
Heffley Creek,2016-12-31,862
Southwark School,2015-12-31,632
Southwark School,2016-12-31,794
Guide RNA,2015-12-31,12542
Guide RNA,2016-12-31,12722
Road to Victory,2015-12-31,1367
Road to Victory,2016-12-31,887
"Dogwood Acres, Alamance County, North Carolina",2015-12-31,440
"Dogwood Acres, Alamance County, North Carolina",2016-12-31,409
Hezbollah International Financing Prevention Act of 2014,2015-12-31,930
Hezbollah International Financing Prevention Act of 2014,2016-12-31,1249
2013 in Singapore,2015-12-31,2380
2013 in Singapore,2016-12-31,1404
Muhammad al-Khushani,2015-12-31,462
Muhammad al-Khushani,2016-12-31,391
Tricholoma mutabile,2015-12-31,390
Tricholoma mutabile,2016-12-31,203
The Enemy Inside (coldrain album),2015-12-31,3206
The Enemy Inside (coldrain album),2016-12-31,2193
Stained glass,2015-12-31,128451
Stained glass,2016-12-31,115363
Planet M,2015-12-31,3656
Planet M,2016-12-31,2585
Röstäm Yaxin,2015-12-31,614
Röstäm Yaxin,2016-12-31,470
Arthur L. Selland,2015-12-31,1355
Arthur L. Selland,2016-12-31,1214
Tinie Tempah,2015-12-31,254775
Tinie Tempah,2016-12-31,254124
Hollis Thomas,2015-12-31,12090
Hollis Thomas,2016-12-31,6886
Operation Big Coon Dog,2015-12-31,1112
Operation Big Coon Dog,2016-12-31,785
Ryoun Yamada,2015-12-31,612
Ryoun Yamada,2016-12-31,534
1953 in television,2015-12-31,5609
1953 in television,2016-12-31,4034
Rem (mythology),2015-12-31,1533
Rem (mythology),2016-12-31,1166
Mazımçay,2015-12-31,389
Mazımçay,2016-12-31,348
United Kingdom in the Eurovision Song Contest 2016,2015-12-31,5740
United Kingdom in the Eurovision Song Contest 2016,2016-12-31,155430
"Tikmeh Dash, Hashtrud",2015-12-31,309
"Tikmeh Dash, Hashtrud",2016-12-31,247
Daesong Agricultural Market,2016-12-31,270
"The Fernhills Palace, Ooty",2015-12-31,2996
"The Fernhills Palace, Ooty",2016-12-31,2935
Call of Duty: World at War,2015-12-31,274945
Call of Duty: World at War,2016-12-31,221398
Northern Collegiate Institute and Vocational School,2015-12-31,1641
Northern Collegiate Institute and Vocational School,2016-12-31,1793
Eugenia hexovulata,2015-12-31,335
Eugenia hexovulata,2016-12-31,231
Jharkhand Chhatra Yuva Morcha,2016-12-31,176
Susan Herndon,2015-12-31,986
Susan Herndon,2016-12-31,1097
TUBGCP6,2015-12-31,415
TUBGCP6,2016-12-31,376
Azastene,2015-12-31,984
Azastene,2016-12-31,914
Video gaming in Lithuania,2015-12-31,1835
Video gaming in Lithuania,2016-12-31,1348
Euclidean group,2015-12-31,15536
Euclidean group,2016-12-31,13384
Diana Barrington,2015-12-31,2847
Diana Barrington,2016-12-31,1737
Form I-94,2015-12-31,72336
Form I-94,2016-12-31,56340
Lettie Cowman,2015-12-31,4229
Lettie Cowman,2016-12-31,3914
South Sudanese passport,2015-12-31,3389
South Sudanese passport,2016-12-31,2743
Gus Mortson,2015-12-31,8969
Gus Mortson,2016-12-31,1825
Bristol Silents,2015-12-31,549
Bristol Silents,2016-12-31,424
"Saint Peter, Guernsey",2015-12-31,1515
"Saint Peter, Guernsey",2016-12-31,1316
Monte Beigua,2015-12-31,784
Monte Beigua,2016-12-31,696
Susie Wild,2015-12-31,524
Susie Wild,2016-12-31,308
Vlaško Polje,2015-12-31,442
Vlaško Polje,2016-12-31,395
Hiranyakeshi river,2015-12-31,1795
Hiranyakeshi river,2016-12-31,1451
Suzie Faulkner,2015-12-31,562
Suzie Faulkner,2016-12-31,463
"Wheat Basin, Montana",2015-12-31,1173
"Wheat Basin, Montana",2016-12-31,838
Blue Utopia,2015-12-31,508
Blue Utopia,2016-12-31,488
More New Arabian Nights: The Dynamiter,2015-12-31,1917
More New Arabian Nights: The Dynamiter,2016-12-31,1515
Athanase Gaudet,2015-12-31,380
Athanase Gaudet,2016-12-31,245
Max: The Curse of Brotherhood,2015-12-31,28879
Max: The Curse of Brotherhood,2016-12-31,22542
Clivina bhamoensis,2015-12-31,232
Clivina bhamoensis,2016-12-31,143
Guapiara,2015-12-31,617
Guapiara,2016-12-31,572
Sri Lankan cricket team in South Africa in 2000–01,2015-12-31,515
Sri Lankan cricket team in South Africa in 2000–01,2016-12-31,393
Proceedings of the Physical Society,2015-12-31,1172
Proceedings of the Physical Society,2016-12-31,1001
Isabel Pérez Farfante,2015-12-31,1254
Isabel Pérez Farfante,2016-12-31,917
Benedict L. Stabile,2015-12-31,547
Benedict L. Stabile,2016-12-31,565
Croatian Academy of Sciences and Arts,2015-12-31,4864
Croatian Academy of Sciences and Arts,2016-12-31,4758
Island Sports Media,2015-12-31,450
Island Sports Media,2016-12-31,305
B. R. Dionysius,2015-12-31,506
B. R. Dionysius,2016-12-31,399
Tickhill Friary,2015-12-31,813
Tickhill Friary,2016-12-31,692
South Kilvington,2015-12-31,879
South Kilvington,2016-12-31,731
Wesley Mouzon,2015-12-31,616
Wesley Mouzon,2016-12-31,535
1898 VPI football team,2015-12-31,134
1898 VPI football team,2016-12-31,511
Naungletgyi,2015-12-31,285
Naungletgyi,2016-12-31,215
San Roberto International School,2015-12-31,543
San Roberto International School,2016-12-31,844
Luke James (English singer),2015-12-31,1280
Luke James (English singer),2016-12-31,949
Kendyl Jacox,2015-12-31,1248
Kendyl Jacox,2016-12-31,969
Cobblestone,2015-12-31,58417
Cobblestone,2016-12-31,45879
Annie Ki Ayegi Baraat,2015-12-31,24140
Annie Ki Ayegi Baraat,2016-12-31,17476
Three Creek,2015-12-31,902
Three Creek,2016-12-31,619
Lake Independence (Belize House constituency),2015-12-31,544
Lake Independence (Belize House constituency),2016-12-31,359
Primal (comics),2015-12-31,5805
Primal (comics),2016-12-31,5090
Headwaters Incorporated,2015-12-31,1681
Headwaters Incorporated,2016-12-31,1213
Lee Curtis and the All-Stars,2015-12-31,2499
Lee Curtis and the All-Stars,2016-12-31,1960
Tom Brennan (civil servant),2015-12-31,86
Tom Brennan (civil servant),2016-12-31,189
Fated to Love You (2008 TV series),2015-12-31,44490
Fated to Love You (2008 TV series),2016-12-31,34292
Piracés,2015-12-31,604
Piracés,2016-12-31,513
Phil Mustard,2015-12-31,4093
Phil Mustard,2016-12-31,4632
Oja Kodar,2015-12-31,62801
Oja Kodar,2016-12-31,47291
Persiju Sijunjung,2015-12-31,695
Persiju Sijunjung,2016-12-31,593
Walloon Legion,2015-12-31,8101
Walloon Legion,2016-12-31,7780
Dante Hipolito,2015-12-31,691
Dante Hipolito,2016-12-31,768
2013–14 Wigan Athletic F.C. season,2015-12-31,6519
2013–14 Wigan Athletic F.C. season,2016-12-31,6517
Harpalus ussuriensis,2015-12-31,288
Harpalus ussuriensis,2016-12-31,191
Pieris floribunda,2015-12-31,1454
Pieris floribunda,2016-12-31,2156
2014–15 Beitar Jerusalem F.C. season,2015-12-31,1327
2014–15 Beitar Jerusalem F.C. season,2016-12-31,782
Multi-tool,2015-12-31,22278
Multi-tool,2016-12-31,16756
Huawei E5,2015-12-31,10602
Huawei E5,2016-12-31,11734
Goodyear Television Playhouse,2015-12-31,3570
Goodyear Television Playhouse,2016-12-31,2878
Early New Zealand Books,2015-12-31,1506
Early New Zealand Books,2016-12-31,1261
Grocery Manufacturers of Norway,2015-12-31,311
Grocery Manufacturers of Norway,2016-12-31,211
The American Revolution (album),2015-12-31,1523
The American Revolution (album),2016-12-31,1388
Die „kulturelle“ Sexualmoral und die moderne Nervosität,2015-12-31,464
Die „kulturelle“ Sexualmoral und die moderne Nervosität,2016-12-31,524
John Foley Horr,2015-12-31,664
John Foley Horr,2016-12-31,564
Tombs of the Nobles (Amarna),2015-12-31,2709
Tombs of the Nobles (Amarna),2016-12-31,2231
Hatfield Heath,2015-12-31,3691
Hatfield Heath,2016-12-31,3021
"Stamford Hill, Durban",2015-12-31,1411
"Stamford Hill, Durban",2016-12-31,1532
Inada Station,2015-12-31,442
Inada Station,2016-12-31,301
The Smurfette,2015-12-31,1974
The Smurfette,2016-12-31,1440
Nalaka Kolonne,2015-12-31,600
Nalaka Kolonne,2016-12-31,511
Quett Masire,2015-12-31,10455
Quett Masire,2016-12-31,6974
Kraig Kinser,2015-12-31,2322
Kraig Kinser,2016-12-31,1654
Titus Veturius Geminus Cicurinus (consul 494 BC),2015-12-31,538
Titus Veturius Geminus Cicurinus (consul 494 BC),2016-12-31,545
Ahmed Hamdy,2015-12-31,528
Ahmed Hamdy,2016-12-31,325
Scoop neck,2015-12-31,6003
Scoop neck,2016-12-31,4303
Damien Ricketson,2015-12-31,601
Damien Ricketson,2016-12-31,542
Pelham A. Barrows,2015-12-31,442
Pelham A. Barrows,2016-12-31,339
North and South Railway,2015-12-31,565
North and South Railway,2016-12-31,453
West Quantoxhead,2015-12-31,1904
West Quantoxhead,2016-12-31,1518
Photon Factory Films,2015-12-31,573
Photon Factory Films,2016-12-31,533
Nehemiah Hawkins,2015-12-31,981
Nehemiah Hawkins,2016-12-31,730
Umba sapphire,2015-12-31,1220
Umba sapphire,2016-12-31,963
The Trentonian,2015-12-31,2836
The Trentonian,2016-12-31,2367
Ankarapithecus,2015-12-31,2442
Ankarapithecus,2016-12-31,2398
Secret and special weapons in Showa Japan,2016-12-31,3619
Pygmy gerbil,2015-12-31,799
Pygmy gerbil,2016-12-31,764
1535 Päijänne,2015-12-31,672
1535 Päijänne,2016-12-31,465
Bawdsey Manor,2015-12-31,3967
Bawdsey Manor,2016-12-31,3203
Review of Economic Design,2015-12-31,639
Review of Economic Design,2016-12-31,548
Lophoceramica,2015-12-31,177
Lophoceramica,2016-12-31,112
Leeds City Region,2015-12-31,6855
Leeds City Region,2016-12-31,5450
2013–14 Xavier Musketeers men's basketball team,2015-12-31,1437
2013–14 Xavier Musketeers men's basketball team,2016-12-31,2350
Greymouth Petroleum,2015-12-31,942
Greymouth Petroleum,2016-12-31,697
Quirino Navarro,2015-12-31,1395
Quirino Navarro,2016-12-31,631
Sacahuista,2015-12-31,736
Sacahuista,2016-12-31,584
1958 Nebraska Cornhuskers football team,2015-12-31,2109
1958 Nebraska Cornhuskers football team,2016-12-31,924
Klemm Kl 151,2015-12-31,1691
Klemm Kl 151,2016-12-31,1520
Jacques Miller,2015-12-31,2866
Jacques Miller,2016-12-31,2568
Asahikawa University Junior College,2015-12-31,377
Asahikawa University Junior College,2016-12-31,462
École des Beaux-Arts,2015-12-31,33979
École des Beaux-Arts,2016-12-31,32713
Horningsham,2015-12-31,5345
Horningsham,2016-12-31,1858
1952–53 Austrian football championship,2015-12-31,881
1952–53 Austrian football championship,2016-12-31,645
"Walesby, Nottinghamshire",2015-12-31,1334
"Walesby, Nottinghamshire",2016-12-31,1041
Have Some Fun,2015-12-31,1125
Have Some Fun,2016-12-31,1188
George Dissanaike,2015-12-31,315
George Dissanaike,2016-12-31,245
"Kyrgyzstani parliamentary election, 2015",2015-12-31,19583
"Kyrgyzstani parliamentary election, 2015",2016-12-31,3459
Michael Taylor (glass artist),2015-12-31,743
Michael Taylor (glass artist),2016-12-31,781
System lifecycle,2015-12-31,17535
System lifecycle,2016-12-31,14069
Ángel Parra,2015-12-31,2040
Ángel Parra,2016-12-31,2387
Kim Byung-woo,2015-12-31,465
Kim Byung-woo,2016-12-31,737
Excuse Me Ethu Collegila,2015-12-31,1306
Excuse Me Ethu Collegila,2016-12-31,2147
Phillip Tanner,2015-12-31,6046
Phillip Tanner,2016-12-31,2584
Iraq–Lebanon relations,2015-12-31,1781
Iraq–Lebanon relations,2016-12-31,1322
Charles W. Moore Jr.,2015-12-31,1175
Charles W. Moore Jr.,2016-12-31,1116
Kevin R. Duncan,2015-12-31,918
Kevin R. Duncan,2016-12-31,4034
Canton of Sotteville-lès-Rouen-Est,2015-12-31,238
Canton of Sotteville-lès-Rouen-Est,2016-12-31,209
Star Fairies,2015-12-31,3707
Star Fairies,2016-12-31,2994
"Ginevet, Ararat",2015-12-31,415
"Ginevet, Ararat",2016-12-31,383
Computational electromagnetics,2015-12-31,18208
Computational electromagnetics,2016-12-31,15766
Valleruela de Pedraza,2015-12-31,471
Valleruela de Pedraza,2016-12-31,413
Holmdel Horn Antenna,2015-12-31,11312
Holmdel Horn Antenna,2016-12-31,8177
"Frank Taylor (footballer, born 1916)",2015-12-31,812
"Frank Taylor (footballer, born 1916)",2016-12-31,907
Avenida de Blasco Ibañez,2015-12-31,371
Avenida de Blasco Ibañez,2016-12-31,491
Aivars Lazdenieks,2015-12-31,354
Aivars Lazdenieks,2016-12-31,289
ULE - Ultra Low Energy,2015-12-31,1950
ULE - Ultra Low Energy,2016-12-31,1869
Kõlleste Parish,2015-12-31,940
Kõlleste Parish,2016-12-31,663
Climate Investment Funds,2015-12-31,4075
Climate Investment Funds,2016-12-31,4224
Shockwave (2000 yacht),2015-12-31,863
Shockwave (2000 yacht),2016-12-31,618
Staffordshire Moorlands District Council elections,2015-12-31,477
Staffordshire Moorlands District Council elections,2016-12-31,477
Schwabenhass,2015-12-31,1643
Schwabenhass,2016-12-31,1851
Li Hsi-mou,2015-12-31,436
Li Hsi-mou,2016-12-31,258
Happy Eyeballs,2015-12-31,14807
Happy Eyeballs,2016-12-31,6022
Since You've Been Gone (film),2015-12-31,13523
Since You've Been Gone (film),2016-12-31,6942
C. Tracey Stagg,2015-12-31,475
C. Tracey Stagg,2016-12-31,342
Papatoetoe Wildcats,2015-12-31,394
Papatoetoe Wildcats,2016-12-31,286
"Peski, Brest Voblast",2015-12-31,231
"Peski, Brest Voblast",2016-12-31,156
Hollywood Prevue Stakes,2015-12-31,621
Hollywood Prevue Stakes,2016-12-31,491
Karlskrona,2015-12-31,18589
Karlskrona,2016-12-31,19431
Kéraban the Inflexible,2015-12-31,2380
Kéraban the Inflexible,2016-12-31,2049
Richard Smith (umpire),2015-12-31,500
Richard Smith (umpire),2016-12-31,388
Hear the Crowd,2015-12-31,377
Hear the Crowd,2016-12-31,299
Gerace,2015-12-31,3569
Gerace,2016-12-31,2975
Yokosuka E14Y,2015-12-31,11510
Yokosuka E14Y,2016-12-31,10235
Seven Girlfriends,2015-12-31,3187
Seven Girlfriends,2016-12-31,2472
Jared Ward,2015-12-31,737
Jared Ward,2016-12-31,7967
Guy Mardel,2015-12-31,1828
Guy Mardel,2016-12-31,1503
NZR DSA class,2015-12-31,1262
NZR DSA class,2016-12-31,970
Numaligarh,2015-12-31,3949
Numaligarh,2016-12-31,3928
"Athens, Ontario",2015-12-31,3827
"Athens, Ontario",2016-12-31,2712
Gary Magness,2015-12-31,2148
Gary Magness,2016-12-31,2402
Carvico,2015-12-31,1049
Carvico,2016-12-31,854
Brocade Library Services,2015-12-31,2750
Brocade Library Services,2016-12-31,1127
Charles J. Guiteau,2015-12-31,62404
Charles J. Guiteau,2016-12-31,117313
Le Monde diplomatique,2015-12-31,15614
Le Monde diplomatique,2016-12-31,12511
André Medici,2015-12-31,820
André Medici,2016-12-31,584
Paul Helmke,2015-12-31,2256
Paul Helmke,2016-12-31,2533
"Hindu Degree College, Moradabad",2015-12-31,2109
"Hindu Degree College, Moradabad",2016-12-31,1206
Katsumi Kawano,2015-12-31,291
Katsumi Kawano,2016-12-31,182
Swami Murugesu,2015-12-31,1383
Swami Murugesu,2016-12-31,769
Antonina Nezhdanova,2015-12-31,2318
Antonina Nezhdanova,2016-12-31,2013
20Q,2015-12-31,10714
20Q,2016-12-31,7688
Nowy Dworzec,2015-12-31,429
Nowy Dworzec,2016-12-31,268
Kayoko Obata,2015-12-31,466
Kayoko Obata,2016-12-31,340
Central New Annan,2015-12-31,412
Central New Annan,2016-12-31,254
Suleiman Hafez,2015-12-31,753
Suleiman Hafez,2016-12-31,554
Dunblane railway station,2015-12-31,2552
Dunblane railway station,2016-12-31,2287
"Charles Emmanuel, Landgrave of Hesse-Rotenburg",2015-12-31,989
"Charles Emmanuel, Landgrave of Hesse-Rotenburg",2016-12-31,926
The Doll that Came Straight from Fairyland,2015-12-31,481
The Doll that Came Straight from Fairyland,2016-12-31,299
Skipton railway line,2015-12-31,952
Skipton railway line,2016-12-31,775
Farzaneh Kaboli,2015-12-31,1563
Farzaneh Kaboli,2016-12-31,1317
Jacone Puligo,2015-12-31,648
Jacone Puligo,2016-12-31,433
Las Guanábanas,2015-12-31,2988
Las Guanábanas,2016-12-31,3192
Floral formula,2015-12-31,24871
Floral formula,2016-12-31,24262
Meath (Dáil Éireann constituency),2015-12-31,1063
Meath (Dáil Éireann constituency),2016-12-31,1510
Sheephead Mountains,2015-12-31,906
Sheephead Mountains,2016-12-31,523
Jasenovo (Nova Varoš),2015-12-31,218
Jasenovo (Nova Varoš),2016-12-31,221
Mighty Spoiler,2015-12-31,1268
Mighty Spoiler,2016-12-31,1225
"Eas Mòr, Mull",2015-12-31,250
"Eas Mòr, Mull",2016-12-31,162
Chaz Dennis,2015-12-31,1395
Chaz Dennis,2016-12-31,1239
New Caledonia national futsal team,2015-12-31,1350
New Caledonia national futsal team,2016-12-31,1567
Internet privacy,2015-12-31,107508
Internet privacy,2016-12-31,93730
Nicholas Watson,2015-12-31,773
Nicholas Watson,2016-12-31,671
Fort Atkinson (Nebraska),2015-12-31,8133
Fort Atkinson (Nebraska),2016-12-31,15081
Regional Junta of the Azores,2015-12-31,266
Regional Junta of the Azores,2016-12-31,197
Ephysteris deserticolella,2015-12-31,360
Ephysteris deserticolella,2016-12-31,287
Castelo de Vila Nova de Cerveira,2015-12-31,405
Castelo de Vila Nova de Cerveira,2016-12-31,266
Jack Dunn (soccer),2015-12-31,695
Jack Dunn (soccer),2016-12-31,415
Kerala Shipping and Inland Navigation Corporation,2015-12-31,1371
Kerala Shipping and Inland Navigation Corporation,2016-12-31,965
Zarzar,2015-12-31,582
Zarzar,2016-12-31,488
Boqeh-ye Yek,2015-12-31,304
Boqeh-ye Yek,2016-12-31,241
Immendingen,2015-12-31,1664
Immendingen,2016-12-31,1460
Autumn Lights,2015-12-31,1113
Autumn Lights,2016-12-31,845
Parmelee System,2015-12-31,640
Parmelee System,2016-12-31,505
Dangemannia,2015-12-31,269
Dangemannia,2016-12-31,235
Kennewick School District,2015-12-31,1362
Kennewick School District,2016-12-31,1109
Andrew Frederick Wissemann,2015-12-31,21
Andrew Frederick Wissemann,2016-12-31,129
German Whist,2015-12-31,2692
German Whist,2016-12-31,2211
British Agent,2015-12-31,3326
British Agent,2016-12-31,2798
Ninth Fort,2015-12-31,10534
Ninth Fort,2016-12-31,8018
Omroep NTR,2015-12-31,2499
Omroep NTR,2016-12-31,2515
Spain in the Eurovision Song Contest 1984,2015-12-31,907
Spain in the Eurovision Song Contest 1984,2016-12-31,731
Antal Ruprecht,2015-12-31,326
Antal Ruprecht,2016-12-31,203
Tony Battie,2015-12-31,13820
Tony Battie,2016-12-31,19376
"Verne, Indiana",2015-12-31,547
"Verne, Indiana",2016-12-31,453
Live Arts Week,2015-12-31,1028
Live Arts Week,2016-12-31,749
Wo Liu Hang,2015-12-31,831
Wo Liu Hang,2016-12-31,662
William H. Wisener,2015-12-31,570
William H. Wisener,2016-12-31,397
Tom Huggins,2015-12-31,537
Tom Huggins,2016-12-31,433
Valérie Fourneyron,2015-12-31,1428
Valérie Fourneyron,2016-12-31,1235
Stichill Kirk,2015-12-31,472
Stichill Kirk,2016-12-31,335
Supreme Command for Jihad and Liberation,2015-12-31,9849
Supreme Command for Jihad and Liberation,2016-12-31,7455
National Highway 31C (India),2015-12-31,1515
National Highway 31C (India),2016-12-31,1134
BAP Arica (SS-36),2015-12-31,1225
BAP Arica (SS-36),2016-12-31,883
Dick Campbell (producer),2015-12-31,1203
Dick Campbell (producer),2016-12-31,1091
Qeshlaq-e Sialeh,2015-12-31,363
Qeshlaq-e Sialeh,2016-12-31,241
Annubar,2015-12-31,9022
Annubar,2016-12-31,7064
Ariadne (crater),2015-12-31,736
Ariadne (crater),2016-12-31,913
Mick Cain (rugby union),2015-12-31,499
Mick Cain (rugby union),2016-12-31,330
Walker-Ewing Log House,2015-12-31,638
Walker-Ewing Log House,2016-12-31,525
Antonijo Pranjič,2015-12-31,377
Antonijo Pranjič,2016-12-31,233
Brătila River (Tazlău),2015-12-31,337
Brătila River (Tazlău),2016-12-31,200
Last One Home,2015-12-31,499
Last One Home,2016-12-31,453
1996 CA-TennisTrophy – Singles,2015-12-31,600
1996 CA-TennisTrophy – Singles,2016-12-31,399
Joanna Aizenberg,2015-12-31,1378
Joanna Aizenberg,2016-12-31,1569
Count Franz von Limburg Stirum,2015-12-31,533
Count Franz von Limburg Stirum,2016-12-31,412
F 5 Ljungbyhed,2015-12-31,636
F 5 Ljungbyhed,2016-12-31,533
"Metsanurga, Lääne-Viru County",2015-12-31,371
"Metsanurga, Lääne-Viru County",2016-12-31,277
Teimana Harrison,2015-12-31,3932
Teimana Harrison,2016-12-31,15891
Past Reason Hated,2015-12-31,1360
Past Reason Hated,2016-12-31,1042
Richard Stone (fencer),2015-12-31,381
Richard Stone (fencer),2016-12-31,287
Inclined Plane Bridge,2015-12-31,1117
Inclined Plane Bridge,2016-12-31,976
The Thin Man (TV series),2015-12-31,6025
The Thin Man (TV series),2016-12-31,18322
London Residuary Body,2015-12-31,1249
London Residuary Body,2016-12-31,1208
"Milo, Kenya",2015-12-31,430
"Milo, Kenya",2016-12-31,274
Moner Majhe Tumi,2015-12-31,10575
Moner Majhe Tumi,2016-12-31,7800
Rufous-browed wren,2015-12-31,525
Rufous-browed wren,2016-12-31,533
Pethia melanomaculata,2015-12-31,287
Pethia melanomaculata,2016-12-31,275
Vandavasi block,2015-12-31,552
Vandavasi block,2016-12-31,437
Giuseppe Mettica,2015-12-31,328
Giuseppe Mettica,2016-12-31,197
Sanay Min,2015-12-31,1745
Sanay Min,2016-12-31,1303
Odetta at Carnegie Hall,2015-12-31,1092
Odetta at Carnegie Hall,2016-12-31,876
Wholesale Club,2015-12-31,4867
Wholesale Club,2016-12-31,4206
Delta Lake State Park,2015-12-31,1810
Delta Lake State Park,2016-12-31,1449
1993 FIVB Volleyball World League,2015-12-31,1131
1993 FIVB Volleyball World League,2016-12-31,651
2004 J&S Cup – Singles,2015-12-31,319
2004 J&S Cup – Singles,2016-12-31,238
Major Lance,2015-12-31,12159
Major Lance,2016-12-31,10829
Londer Tsaava,2015-12-31,618
Londer Tsaava,2016-12-31,570
Uniformity policy,2015-12-31,1405
Uniformity policy,2016-12-31,900
Patrick Cummins (politician),2015-12-31,768
Patrick Cummins (politician),2016-12-31,576
Richard Carlyle,2015-12-31,1593
Richard Carlyle,2016-12-31,1933
Meyler de Bermingham,2015-12-31,1065
Meyler de Bermingham,2016-12-31,895
Nyanturago,2015-12-31,336
Nyanturago,2016-12-31,220
De Wervelwind,2015-12-31,453
De Wervelwind,2016-12-31,328
Rhynchoferella kuehnei,2015-12-31,180
Rhynchoferella kuehnei,2016-12-31,107
Ran Vijay Singh,2015-12-31,612
Ran Vijay Singh,2016-12-31,579
Girve Fretz,2015-12-31,504
Girve Fretz,2016-12-31,438
"Lahinja, Semič",2015-12-31,425
"Lahinja, Semič",2016-12-31,371
Hydrelia percandidata,2015-12-31,192
Hydrelia percandidata,2016-12-31,183
Torricella Sicura,2015-12-31,990
Torricella Sicura,2016-12-31,856
Georgetown College,2015-12-31,10862
Georgetown College,2016-12-31,10723
Karen Dunne,2015-12-31,672
Karen Dunne,2016-12-31,521
Dixie Library Building,2015-12-31,419
Dixie Library Building,2016-12-31,346
"Acalmani (Ayutla de los Libres), Guerrero",2015-12-31,316
"Acalmani (Ayutla de los Libres), Guerrero",2016-12-31,255
Tim Tam,2015-12-31,210337
Tim Tam,2016-12-31,102013
Kenny Noyes,2015-12-31,10454
Kenny Noyes,2016-12-31,1856
Longfin crevalle jack,2015-12-31,924
Longfin crevalle jack,2016-12-31,821
Julian Matthews,2015-12-31,791
Julian Matthews,2016-12-31,1477
Anucha Munjarern,2015-12-31,1023
Anucha Munjarern,2016-12-31,1351
Ja'far Kavian,2015-12-31,325
Ja'far Kavian,2016-12-31,329
2014 Northwest Territories fires,2015-12-31,1145
2014 Northwest Territories fires,2016-12-31,637
Nuruddin Farah,2015-12-31,14659
Nuruddin Farah,2016-12-31,12427
Humayun Khan,2015-12-31,2332
Humayun Khan,2016-12-31,1913
Tintin and the Temple of the Sun,2015-12-31,5769
Tintin and the Temple of the Sun,2016-12-31,5202
"Altımermer, Istanbul",2015-12-31,470
"Altımermer, Istanbul",2016-12-31,398
The Bachelor's Club,2015-12-31,492
The Bachelor's Club,2016-12-31,414
Gaspar van den Hoecke,2015-12-31,727
Gaspar van den Hoecke,2016-12-31,575
Răzvan Tincu,2015-12-31,676
Răzvan Tincu,2016-12-31,637
Abu al-Abbas al-Nabati,2015-12-31,1944
Abu al-Abbas al-Nabati,2016-12-31,1609
Lawrence Joel Veterans Memorial Coliseum,2015-12-31,9348
Lawrence Joel Veterans Memorial Coliseum,2016-12-31,8515
Cambodia at the 2008 Summer Paralympics,2015-12-31,583
Cambodia at the 2008 Summer Paralympics,2016-12-31,384
Olof Sundby,2015-12-31,759
Olof Sundby,2016-12-31,597
Polymerase chain reaction,2015-12-31,533571
Polymerase chain reaction,2016-12-31,491824
Nebtyemneferes,2015-12-31,594
Nebtyemneferes,2016-12-31,506
Bill Barber (musician),2015-12-31,2879
Bill Barber (musician),2016-12-31,2991
"Bobby Mitchell (footballer, born 1955)",2015-12-31,400
"Bobby Mitchell (footballer, born 1955)",2016-12-31,447
British Mirpuri,2015-12-31,10700
British Mirpuri,2016-12-31,10981
"Vitolo (footballer, born 1989)",2015-12-31,32432
"Vitolo (footballer, born 1989)",2016-12-31,43684
Douglas Watt (politician),2015-12-31,312
Douglas Watt (politician),2016-12-31,309
Alistair Crane,2015-12-31,8302
Alistair Crane,2016-12-31,6800
Princess Priscilla's Fortnight,2015-12-31,611
Princess Priscilla's Fortnight,2016-12-31,431
Auboué,2015-12-31,977
Auboué,2016-12-31,616
American Astronomical Society 215th meeting,2015-12-31,1072
American Astronomical Society 215th meeting,2016-12-31,887
Hemiandra,2015-12-31,760
Hemiandra,2016-12-31,528
172nd Infantry Brigade (United States),2015-12-31,15141
172nd Infantry Brigade (United States),2016-12-31,11741
Quiers,2015-12-31,937
Quiers,2016-12-31,837
HMS Barrosa (D68),2015-12-31,1293
HMS Barrosa (D68),2016-12-31,1072
The Walk (2001 film),2015-12-31,4448
The Walk (2001 film),2016-12-31,1822
Power nap,2015-12-31,97374
Power nap,2016-12-31,81073
1993–94 Mexican Primera División season,2015-12-31,1339
1993–94 Mexican Primera División season,2016-12-31,1151
Magnolia henryi,2015-12-31,510
Magnolia henryi,2016-12-31,620
The Baby on the Barge,2015-12-31,685
The Baby on the Barge,2016-12-31,491
Richard Tapper Cadbury,2015-12-31,2662
Richard Tapper Cadbury,2016-12-31,2323
