,title
0,"Denk bloß nicht, ich heule"
1,Charles Duncan (GC)
2,USS Clamour (AM-160)
3,Fire: The Jimi Hendrix Collection
4,Anthony McFarland
5,Dearborn-Massar
6,Pot-in-pot
7,Zhang Taofang
8,Coleophora impercepta
9,"Jawornik, Sanok County"
10,Nové Mlýny reservoirs
11,Všešportový areál
12,Zashiversk
13,Sculptor Galaxy
14,Valea Celții River
15,Silver-throated bushtit
16,Xavier University Bhubaneswar
17,Louis Tussaud
18,Joseph Ginat
19,Lichnowo
20,I Want Your Soul
21,Bolnisi inscriptions
22,Some Stupid with a Flare Gun
23,Tamil Mirror
24,David Womark
25,Gmina Zakroczym
26,Tadaoka Station
27,Cass Business School
28,Lane
29,Hmong Today
30,Deviation of a local ring
31,Philipp Andreas Nemnich
32,Willow Creek (Columbia River)
33,"First Presbyterian Church (Lapwai, Idaho)"
34,Esso Longford gas explosion
35,Sanjay's Super Team
36,Place name origins
37,Mirat ul Memalik
38,LPAR6
39,Gear bearing
40,Index of biological integrity
41,Aruna Gunawardene
42,Wings Financial Credit Union
43,Empress Xia (Ming dynasty)
44,José del Castillo (footballer)
45,Khalaj Mahalleh
46,Scott Burns (newspaper columnist)
47,Westwood Secondary School
48,Kegham Vanigian
49,Richard Brooker
50,Ricardo Medina
51,"Patrick Jenkin, Baron Jenkin of Roding"
52,"Liechtenstein referendums, 2002"
53,Ahmad Salim
54,Salina Bookshelf
55,Billy Disch
56,Giorgio Calcaterra
57,New Zealand International Science Festival
58,CA-Modern
59,Adam Lam
60,Economy of Jordan
61,Juned
62,Transport in Swaziland
63,Carlos Pita (politician)
64,Pacifism in Spain
65,Petrok Maly
66,Ettore Gandini
67,Asklepios Kliniken
68,Hangtown fry
69,Quentin N. Burdick
70,Iglesia de Santa María del Conceyu (Llanes)
71,White Run (Rock Creek)
72,"Migrant Workers (Supplementary Provisions) Convention, 1975"
73,Civil parishes in England
74,WHBB
75,1957–58 Boston Celtics season
76,"Bobby Parker (footballer, born 1952)"
77,Shire of Upper Murray
78,Indianapolis Power & Light
79,"Kukowo, Podlaskie Voivodeship"
80,Wai Ren
81,Vilar de Mouros Festival
82,Re Tuck's Settlement Trusts
83,Cleis Press
84,"Ajjanahalli, Arsikere"
85,2014 Copa del Sol
86,Ingmar Lazar
87,Kosagawa Station
88,Roza Robota
89,Land lot
90,Richard Arkwright
91,Solar charger
92,Avianca Flight 011
93,Toroidal inductors and transformers
94,Sexx Laws
95,Hehekou Township
96,Bithynia pygmaea
97,Hypatius (consul 500)
98,Nappa Merrie
99,Suns in alchemy
100,Cielądz
101,Mary River National Park
102,Hymenula affinis
103,The Poetry Collection
104,Altônia
105,Spot beam
106,German submarine U-821
107,Leucas aspera
108,Savore Sanguino
109,The GrooveGrass Boyz
110,Acilius (genus)
111,Undule Mwakasungula
112,Charles J. O'Malley
113,Operation Web Tryp
114,Andamia tetradactylus
115,Bolandra californica
116,Marshal of Bolivia
117,Cyffylliog
118,Hermética
119,1963 WCHA Men's Ice Hockey Tournament
120,Pseudamnicola brachia
121,Dmitry Grigorovich
122,Laura Kraut
123,Mesa Grande Band of Diegueno Mission Indians
124,Flodafors
125,Sabotage (2014 film)
126,Perai
127,John Navarre
128,Namdeo Jadav
129,José Antonio Noriega
130,Dark Shadows by Marilyn Ross
131,1925 Florida Gators football team
132,Cunningham Communication
133,"Bénouville, Seine-Maritime"
134,Kincardine O'Neil
135,Sophocles Sophocleous
136,University Hospital Crosshouse
137,Alan Ford (actor)
138,Periyavalayam
139,Alex Chmurski
140,Artemus Gates
141,Little Tail Story
142,Sambucus gaudichaudiana
143,Planets (Eloy album)
144,Diriye Osman
145,2012 Città di Caltanissetta – Singles
146,Freels Farm Mounds
147,Zabojnica
148,Unnikrishnan Thiruvazhiyode
149,Lullington Heath
150,Łosośna Mała
151,Lithuanian National Symphony Orchestra
152,Feel (Robbie Williams song)
153,Carnwath Farms Historic Site & Park
154,Phylis Smith
155,Roman Catholicism in Ireland
156,Sultans Trail
157,Great Comet of 1823
158,Telemetry Orchestra
159,Lunt Silversmiths
160,John Benger
161,"Edosaki, Ibaraki"
162,Novi Pot
163,Ruth Levitas
164,The Breed Holds Good
165,Apparel industry of Sri Lanka
166,1915 Quetzalcóatl
167,Zero divisor
168,Maria Lähteenmäki
169,Noob Saibot
170,Antanimbary
171,"Aix, Nord"
172,Pinakini satygraha Ashramam
173,1855 in Scotland
174,Avon Dassett
175,Bureau of Civil Aviation Security
176,Pawansa
177,Dete train crash
178,Regional Elite Airline Services
179,Biblical manuscript
180,Ioan Pop
181,Aeolian (album)
182,William Barry Lord
183,Ervil LeBaron
184,"Chris Brown (cricketer, born 1973)"
185,Stornara
186,Big Chill Super Chargers
187,Tom and Jerry: Blast Off to Mars
188,English Narrows
189,Whittier Boulevard
190,Isolobodon
191,Yahudi Ki Ladki
192,Ulopeza denticulalis
193,"Tepe, Gülnar"
194,Canada's Worst Handyman 5
195,Halo: Spartan Strike
196,Kalfaret
197,Fort Phantom Hill
198,Eulaema
199,Senarclens
200,"Symphony No. 1 ""The Lord of the Rings"""
201,2011 Conference USA football season
202,Mill Rift Hall
203,Waata Pihikete Kukutai
204,Philipo Mulugo
205,Freedom of religion in Cambodia
206,Old Seminary Building
207,The Burning Land
208,Tim DeLaughter
209,Dragoncharm
210,Ras Kass
211,Ben Aronson
212,Xia Lina
213,Afshjerd
214,Karl Marx
215,A Frolic of His Own
216,David Hacker
217,"Harsh, Sikar"
218,"Salehabad, Ilam"
219,Löffler's syndrome
220,All-terrain tyre
221,Peter Frei
222,Vicente Romo
223,"Wakakusa, Yamanashi"
224,Trinity Anglican Church (Ottawa)
225,"Three States, Louisiana and Texas"
226,A Mulher Invisível
227,Military Merit Medal (Vietnam)
228,"Inverclyde Council election, 2007"
229,"Beth Israel Synagogue (Norwalk, Connecticut)"
230,Trzcianne
231,Jeremy Robinson
232,Melanolycaena
233,Anup Ghoshal
234,John McCauley (referee)
235,City Charter High School
236,Lincoln Holroyd
237,Piano Sonata Hob. XVI/34
238,Thomas Blanchet
239,Governing Council of the European Central Bank
240,Colachel
241,Torab-e Vosta
242,XV (album)
243,"Candidates of the Australian federal election, 1913"
244,Andy Warrington
245,Golden Gate Baptist Theological Seminary
246,English cricket team in the West Indies in 1989–90
247,1973 New York Jets season
248,Pat Fraley
249,Ralph Kohl
250,Vartan Gregorian
251,David Hamilton (bishop)
252,Viljakkala
253,2011–12 NCAA Division I women's basketball rankings
254,Showgirl (album)
255,"Rockwood, Tennessee"
256,Petrograd formula
257,Duncan Worsley
258,Jason (high priest)
259,Andreas Farny
260,Philippine Standard Time
261,Pro Arte Quartet
262,Andy Bor
263,El valle de los miserables
264,"Seel, Central Java"
265,Stig Hvalryg
266,Meyrignac-l'Église
267,Francis G. Neylon
268,Dominic Douglas
269,Drink offering
270,Carlos del Junco
271,Eltham College (Victoria)
272,2007 Munster Senior Hurling Championship Final
273,Tom James
274,Darya Petrovna Saltykova
275,Least yellow bat
276,Chruszczyna Wielka
277,Maximum Collection (Max album)
278,SBS World News
279,Raja Khishtasub Khan
280,Zuzana Geislerová
281,Orobanche uniflora
282,Žač
283,Castra of Sărățeni
284,The Thibaults
285,2010 in Albanian television
286,Minchina Ota (1980 film)
287,Denny Lambert
288,Don Davis (defensive tackle)
289,The Day of Reckoning (film)
290,Spa-La Sauvenière Airport
291,North American Lacrosse League
292,Advance Australia Party
293,Estoloides chamelae
294,Hillblazers
295,Wild Arms Music the Best -feeling wind-
296,Pelecanus tirarensis
297,Aircraft Mechanics Fraternal Association
298,Kazi Farms Group
299,Alberto Weretilneck
300,Đống Đa District
301,2008 Mid-American Conference Baseball Tournament
302,"Morganville, New Jersey"
303,Shelkovskaya
304,Medina Dam
305,Hakkari Mountain and Commando Brigade
306,Schoenoplectus saximontanus
307,Wang Zhen's Former Residence
308,Nanodomain
309,"East Machias, Maine"
310,Ali Hamid El-Aila
311,Tezozomoctli (Cuauhtitlan)
312,Nierstein
313,1989 TFL Statewide League season
314,LeGrand (band)
315,Interpines sanitarium
316,1995–96 Cypriot Cup
317,Tropical Storm Amy (1975)
318,WRSJ
319,Kosta Khetagurov
320,Seung (Korean name)
321,Mars Bonfire
322,Lola Dutronic Album 2 – The Love Parade
323,Lady Bunny
324,Jake Fey
325,SPIC (Indian company)
326,The Dog (film)
327,Vendetta... sarda
328,Special Division
329,Julia Castelló
330,Mieke Wijaya
331,1998 Pilot Pen International – Women's Singles
332,Timmis
333,"Pensavo fosse amore, invece era un calesse"
334,Lucjan Kudzia
335,"John Cougar, John Deere, John 3:16"
336,"Night, Silence, Desert"
337,I'm with Busey
338,Anumanthan Kumar
339,Karimabad-e Eskandari
340,Netherlands at the 1976 Winter Olympics
341,Herpetogramma subalbescens
342,Lay Down My Pride
343,Fyvie railway station
344,Semeljci
345,Vimana
346,Mikel Dunham
347,Myotis escalerai
348,Xingdong Station
349,Andrea Blas
350,Asaphocrita plagiatella
351,Leytonstone F.C.
352,Brodick Castle
353,Curad
354,Felbenbach
355,32nd Canadian Parliament
356,Jourgnac
357,Dubai British School
358,Piccadilly Circus (song)
359,"Khushaat, Selenge"
360,Windrush (TV series)
361,Brutus2D
362,The Vic Theatre
363,Exceptia sisterina
364,Les Oreilles
365,"Osino, Nevada"
366,Carbonicola
367,2006 Tour of the Basque Country
368,Edmund Hakewill-Smith
369,Princess Isabella of Parma
370,.pm
371,Qarabağ
372,Still Falling in Love
373,Belarusian Popular Party
374,Ross Skiffington
375,Peavine Metis Settlement
376,Minuscule 514
377,Eugene A. Besson
378,Dar Chaffai
379,Gros Horloge
380,Chailly-en-Gâtinais
381,Cotts baronets
382,Killing of Moshe Barsky
383,Why Is the Crow Black-Coated
384,Leibis-Lichte Dam
385,Harry Field (rugby league)
386,Xhevdet Llumnica
387,"20,000 Watt R.S.L."
388,Fresh Aire Interludes
389,Indian Pentecostal Church of God
390,Anfinn Øien
391,Achhalda
392,USS Morris (1778)
393,"Eğerlibaşköy, Kızılcahamam"
394,11th Alpini Regiment
395,Tinissa cultellata
396,"Genuiyeh, Dashtab"
397,Chalalan
398,"Aliabad, Esfarayen"
399,Give-and-go
400,Dominique Fred
401,Dolby Theatre
402,Life imprisonment in Poland
403,Branco River (São Paulo)
404,1995 3. Divisjon
405,Inoxydable
406,Bruno Riem
407,Amarillo Independent School District
408,2011–12 FC Politehnica Timișoara season
409,Prostitution in Europe
410,Hayato Nakamura
411,Anti-Cigarette League of America
412,"Valencian parliamentary election, 2007"
413,Takeshi Konomi
414,Marathon de La Rochelle
415,"Jamnice, Czech Republic"
416,Abba Kompaneyets
417,Dennis Irwin
418,Tierra de Nadie (Barón Rojo album)
419,Mo Dutta
420,Villa Cariño está que arde
421,"Cholest-5-ene-3beta,7alpha-diol 3beta-dehydrogenase"
422,We Got Hood Love
423,Hit 'Em Up Style (Oops!)
424,Humanitas Prize
425,Collared puffbird
426,Sewage
427,Source Sans Pro
428,44th Infantry Brigade (United Kingdom)
429,VP8
430,Viktória Kužmová
431,Iaitō
432,Cercina
433,National Security Council (United Kingdom)
434,Times Community Media
435,Peter Bramley (cricketer)
436,"Feathers Hotel, Ludlow"
437,KNAU
438,"Myki, Greece"
439,Christoffer Persson
440,Adolphe Monod
441,Tennis at the 2009 Southeast Asian Games – Mixed Doubles
442,S. Rajendran (AIADMK politician)
443,Kapitein Rob
444,Paulo Frederico Benevenute
445,Omuku
446,Nestor Serrano
447,"Dola, Bileća"
448,Orca Symphony No. 1
449,Skilligan's Island
450,Ulaangom Airport
451,SS Orsova (1953)
452,Hook (bowling)
453,Desmodium
454,"Romilly, Loir-et-Cher"
455,Anterior jugular vein
456,The Last Goodbye (Atomic Kitten song)
457,Protected areas of Kerala
458,Free Association of German Trade Unions
459,14th Manitoba Legislature
460,Düsseldorf-Golzheim
461,Agribusiness Teaching Center
462,Metacrambus deprinsi
463,Erastriopis
464,J. C. Bhattacharyya
465,Beur FM
466,Aechmea eurycorymbus
467,Giorgio Orsoni
468,Harry Jayawardena
469,Kord Ahmad-e Sofla
470,"Check, Virginia"
471,"Clark, New Jersey"
472,Vrijhoeven
473,Nymphidium
474,Shikhar Ghosh
475,Association of Spanish Footballers
476,Xumarta
477,Seth Grahame-Smith
478,Alan Paine Radebaugh
479,WOPP
480,Makkala Rajya
481,Minami Sanriku Kinkasan Quasi-National Park
482,Simon Bodenmann
483,E.E.E. Sassoon High School
484,Bi-specific T-cell engager
485,2000 IIHF World Championship Final
486,"Thoros III, King of Armenia"
487,1980 Ohio State Buckeyes football team
488,Crowder Formation
489,Cyril Berry
490,Delinquent Daughters
491,Rangsit Prayurasakdi
492,2015 Santosh Trophy qualification
493,Comedy Showcase
494,War zone C
495,Eion Katchay
496,8th & Pine (St. Louis MetroLink)
497,Golliwog (song)
498,Josep Lluís Pellicer
499,Crossosomataceae
500,Võru County Vocational Training Centre
501,Decatur Subdivision
502,Dewald Pretorius
503,Antonio de la Torre Villalpando
504,Costa Rica Fed Cup team
505,Asparagine—tRNA ligase
506,Raymond Lam
507,Nostoc
508,Ita Kozakeviča
509,Natalia Zinchenko
510,Anastasiya Serdyukova
511,Music of Nier
512,"Lemon Hill, California"
513,C. M. College
514,Stan Fritts
515,Gábor J. Székely
516,NK012
517,"Trinity Episcopal Church (Chocowinity, North Carolina)"
518,The Most Important Person
519,Ane Dahl Torp
520,Down Under Bowl
521,1667 in France
522,Je Tu Niekto?
523,Aechmea sphaerocephala
524,Kaogu
525,Laurence Olivier Award for Outstanding Achievement in a Musical
526,Diane Rosenbaum
527,Regional Assistance Mission to Solomon Islands
528,Ursula Parrott
529,Withers Stakes
530,USS Conflict (AM-85)
531,Lazybones (song)
532,New Zealand at the 2016 Summer Olympics
533,Edward N. Whittier
534,Jowhar
535,Cabaiguán
536,1986 European Super Cup
537,Amrapali Institute – Lamachaur
538,LeRon McCoy
539,"Beulahville, Virginia"
540,Yağlıdere
541,Pele-joez-el-gibbor-abi-ad-sar-shalom
542,The Slutty Pumpkin Returns
543,Abu al-Hassan al-Amiri
544,Spermidine dehydrogenase
545,Jonna Lee (actress)
546,Akagawa Motoyasu
547,Sweet Country Music
548,1988 WTA German Open – Singles
549,Alicia Rio
550,Stopband
551,Sky Destroyer
552,KRPT
553,Wander Gross
554,Liv Løberg
555,"Stratford-on-Avon by-election, 1909"
556,Marina (Japanese singer)
557,Tony Joe White
558,Lesbians on Ecstasy
559,Kelli Arena
560,Jabari Brown
561,Nite-Wing
562,Wicked Tinkers
563,Mountbolus
564,Donchovtsi
565,Tharakki Patti
566,1981 Canadian Ladies Curling Association Championship
567,"Fairmount Park (Riverside, California)"
568,Otoyol 53
569,Cuprian Macarencu
570,Death drive
571,Eric Vollmecke
572,Shrugged
573,"Cathedral of the Immaculate Conception (Portland, Maine)"
574,"Expanse, Saskatchewan"
575,CKVH-FM
576,Mujeres Encinta
577,Turbonilla subula
578,Naim Dhifallah
579,"Akbarabad, Tuyserkan"
580,Bis-quits
581,Filipino people of Spanish ancestry
582,Interiors (Brad album)
583,Çöl Kartalı
584,The Tragical Comedy or Comical Tragedy of Mr. Punch
585,Dikson Island
586,Chain rule
587,JBA Motors
588,Euprenolepis variegata
589,Lake Isle of Innisfree
590,Philippe Mahut
591,Bargan
592,Joan Haste
593,Sibu Rural District Council
594,Castle of Terror
595,Graphoanalysis
596,Institute of International and European Affairs
597,Jette Bang
598,Cherish Life Queensland
599,Carlos Luna
600,Kord (Greyhawk)
601,Veterans History Project of the Library of Congress American Folklife Center
602,Hook nail
603,WGSQ
604,Stian Hinderson
605,Gangut-class battleship
606,Peter Nunn
607,Supplicant (computer)
608,Matthias Liebers
609,Dan Cook
610,Pakistan at the 2014 Asian Beach Games
611,Charles Mitchell (shipbuilder)
612,Psycho Country
613,Isthmiella
614,Tetsushi Sakamoto
615,John Norton House
616,Theater am Olgaeck
617,Mladost 3 Metro Station
618,Kodungallur Kovilakam
619,Maryland Route 372
620,"Dębiny, Toruń County"
621,Groß Pampau
622,Institute for Quantum Optics and Quantum Information
623,Tavia Nyong'o
624,Polish Teachers' Union
625,Coso Hot Springs
626,Lepetodrilus sp. East Scotia Ridge
627,RAF Podington
628,Abbo (bishop of Soissons)
629,Conochuza
630,Adam Pietrasik
631,"Percy Township, Kittson County, Minnesota"
632,Gene Bowen
633,"Ricaurte, Nariño"
634,"Ameno, Italy"
635,Commentaria in Aristotelem Graeca
636,Tet 1969
637,2006 RCA Championships – Singles
638,Extended Play Two
639,FORAN System
640,Kerosene (song)
641,Pilea trianthemoides
642,X and Y bosons
643,Louis Tomei
644,Headman Shabalala
645,Barton Mountains
646,Trechus abdurakhmanovi
647,Canadian Pickers
648,Battle of Manila (1570)
649,European Land-Robot Trial
650,2006 Internazionali BNL d'Italia – Men's Singles
651,2012–13 SC Paderborn 07 season
652,NCAA Division I Men's Golf Tournament all-time team records
653,Bischofswerda
654,Country Rugby League
655,Yashar Nadzhafov
656,Blackburn Meadows Power Station
657,Jim Baron
658,QuantumDigital
659,Zbigniew Szczepkowski
660,Ialemus
661,Comala
662,Heffley Creek
663,Southwark School
664,Guide RNA
665,Road to Victory
666,"Dogwood Acres, Alamance County, North Carolina"
667,Hezbollah International Financing Prevention Act of 2014
668,2013 in Singapore
669,Muhammad al-Khushani
670,Tricholoma mutabile
671,The Enemy Inside (coldrain album)
672,Stained glass
673,Planet M
674,Röstäm Yaxin
675,Arthur L. Selland
676,Tinie Tempah
677,Hollis Thomas
678,Operation Big Coon Dog
679,Ryoun Yamada
680,1953 in television
681,Rem (mythology)
682,Mazımçay
683,United Kingdom in the Eurovision Song Contest 2016
684,"Tikmeh Dash, Hashtrud"
685,Daesong Agricultural Market
686,"The Fernhills Palace, Ooty"
687,Call of Duty: World at War
688,Northern Collegiate Institute and Vocational School
689,Eugenia hexovulata
690,Jharkhand Chhatra Yuva Morcha
691,Who Can Say What's True?
692,Susan Herndon
693,TUBGCP6
694,Azastene
695,Video gaming in Lithuania
696,Euclidean group
697,Diana Barrington
698,Form I-94
699,Rise Up and Salute the Sun
700,Lettie Cowman
701,South Sudanese passport
702,Gus Mortson
703,Bristol Silents
704,"Saint Peter, Guernsey"
705,Monte Beigua
706,Susie Wild
707,Vlaško Polje
708,Hiranyakeshi river
709,Suzie Faulkner
710,"Wheat Basin, Montana"
711,Blue Utopia
712,More New Arabian Nights: The Dynamiter
713,Athanase Gaudet
714,Max: The Curse of Brotherhood
715,Clivina bhamoensis
716,Guapiara
717,Sri Lankan cricket team in South Africa in 2000–01
718,Proceedings of the Physical Society
719,Isabel Pérez Farfante
720,Benedict L. Stabile
721,Croatian Academy of Sciences and Arts
722,Island Sports Media
723,B. R. Dionysius
724,Tickhill Friary
725,South Kilvington
726,Wesley Mouzon
727,1898 VPI football team
728,Naungletgyi
729,San Roberto International School
730,Luke James (English singer)
731,Kendyl Jacox
732,Cobblestone
733,Annie Ki Ayegi Baraat
734,Three Creek
735,Lake Independence (Belize House constituency)
736,Primal (comics)
737,Headwaters Incorporated
738,Lee Curtis and the All-Stars
739,Tom Brennan (civil servant)
740,Fated to Love You (2008 TV series)
741,Piracés
742,Phil Mustard
743,Oja Kodar
744,Persiju Sijunjung
745,Walloon Legion
746,Dante Hipolito
747,2013–14 Wigan Athletic F.C. season
748,Harpalus ussuriensis
749,Pieris floribunda
750,2014–15 Beitar Jerusalem F.C. season
751,Multi-tool
752,Huawei E5
753,Goodyear Television Playhouse
754,Early New Zealand Books
755,Grocery Manufacturers of Norway
756,The American Revolution (album)
757,Die „kulturelle“ Sexualmoral und die moderne Nervosität
758,John Foley Horr
759,Tombs of the Nobles (Amarna)
760,Hatfield Heath
761,"Stamford Hill, Durban"
762,Inada Station
763,The Smurfette
764,Nalaka Kolonne
765,Quett Masire
766,Kraig Kinser
767,Titus Veturius Geminus Cicurinus (consul 494 BC)
768,Ahmed Hamdy
769,Scoop neck
770,Damien Ricketson
771,Pelham A. Barrows
772,North and South Railway
773,West Quantoxhead
774,Photon Factory Films
775,Nehemiah Hawkins
776,Umba sapphire
777,The Trentonian
778,Ankarapithecus
779,Secret and special weapons in Showa Japan
780,Pygmy gerbil
781,1535 Päijänne
782,Bawdsey Manor
783,Review of Economic Design
784,Lophoceramica
785,Leeds City Region
786,2013–14 Xavier Musketeers men's basketball team
787,Greymouth Petroleum
788,Quirino Navarro
789,Sacahuista
790,1958 Nebraska Cornhuskers football team
791,Klemm Kl 151
792,Jacques Miller
793,Asahikawa University Junior College
794,École des Beaux-Arts
795,Horningsham
796,1952–53 Austrian football championship
797,"Walesby, Nottinghamshire"
798,Have Some Fun
799,George Dissanaike
800,"Kyrgyzstani parliamentary election, 2015"
801,Michael Taylor (glass artist)
802,System lifecycle
803,Ángel Parra
804,Kim Byung-woo
805,Excuse Me Ethu Collegila
806,Phillip Tanner
807,Iraq–Lebanon relations
808,Charles W. Moore Jr.
809,Kevin R. Duncan
810,Canton of Sotteville-lès-Rouen-Est
811,Star Fairies
812,"Ginevet, Ararat"
813,Computational electromagnetics
814,Valleruela de Pedraza
815,Holmdel Horn Antenna
816,"Frank Taylor (footballer, born 1916)"
817,Avenida de Blasco Ibañez
818,Aivars Lazdenieks
819,ULE - Ultra Low Energy
820,Kõlleste Parish
821,Climate Investment Funds
822,Shockwave (2000 yacht)
823,Staffordshire Moorlands District Council elections
824,Schwabenhass
825,Li Hsi-mou
826,Happy Eyeballs
827,Since You've Been Gone (film)
828,Fifty/Fifty (1992 film)
829,C. Tracey Stagg
830,Papatoetoe Wildcats
831,"Peski, Brest Voblast"
832,Hollywood Prevue Stakes
833,Karlskrona
834,Kéraban the Inflexible
835,Richard Smith (umpire)
836,Hear the Crowd
837,Gerace
838,Yokosuka E14Y
839,Seven Girlfriends
840,Jared Ward
841,Guy Mardel
842,NZR DSA class
843,Numaligarh
844,"Athens, Ontario"
845,Gary Magness
846,Carvico
847,Brocade Library Services
848,Charles J. Guiteau
849,Le Monde diplomatique
850,André Medici
851,Paul Helmke
852,"Hindu Degree College, Moradabad"
853,Katsumi Kawano
854,Swami Murugesu
855,Antonina Nezhdanova
856,20Q
857,Nowy Dworzec
858,Kayoko Obata
859,Central New Annan
860,Suleiman Hafez
861,Dunblane railway station
862,"Charles Emmanuel, Landgrave of Hesse-Rotenburg"
863,The Doll that Came Straight from Fairyland
864,Skipton railway line
865,Farzaneh Kaboli
866,Jacone Puligo
867,Las Guanábanas
868,Floral formula
869,Meath (Dáil Éireann constituency)
870,Sheephead Mountains
871,Jasenovo (Nova Varoš)
872,Mighty Spoiler
873,"Eas Mòr, Mull"
874,Chaz Dennis
875,New Caledonia national futsal team
876,Internet privacy
877,Nicholas Watson
878,Fort Atkinson (Nebraska)
879,Regional Junta of the Azores
880,Ephysteris deserticolella
881,Castelo de Vila Nova de Cerveira
882,Jack Dunn (soccer)
883,Kerala Shipping and Inland Navigation Corporation
884,Zarzar
885,Boqeh-ye Yek
886,Immendingen
887,Autumn Lights
888,Parmelee System
889,Dangemannia
890,Kennewick School District
891,Andrew Frederick Wissemann
892,German Whist
893,British Agent
894,Ninth Fort
895,Omroep NTR
896,Spain in the Eurovision Song Contest 1984
897,Antal Ruprecht
898,Tony Battie
899,"Verne, Indiana"
900,Live Arts Week
901,Wo Liu Hang
902,William H. Wisener
903,Tom Huggins
904,Valérie Fourneyron
905,Stichill Kirk
906,Supreme Command for Jihad and Liberation
907,National Highway 31C (India)
908,BAP Arica (SS-36)
909,Dick Campbell (producer)
910,Qeshlaq-e Sialeh
911,Annubar
912,Ariadne (crater)
913,Mick Cain (rugby union)
914,Walker-Ewing Log House
915,Antonijo Pranjič
916,Brătila River (Tazlău)
917,Olivetti X/OS
918,Last One Home
919,1996 CA-TennisTrophy – Singles
920,Joanna Aizenberg
921,Count Franz von Limburg Stirum
922,F 5 Ljungbyhed
923,"Metsanurga, Lääne-Viru County"
924,Teimana Harrison
925,Past Reason Hated
926,Richard Stone (fencer)
927,Inclined Plane Bridge
928,The Thin Man (TV series)
929,London Residuary Body
930,"Milo, Kenya"
931,Moner Majhe Tumi
932,Rufous-browed wren
933,Pethia melanomaculata
934,Vandavasi block
935,Giuseppe Mettica
936,Sanay Min
937,Odetta at Carnegie Hall
938,Wholesale Club
939,Delta Lake State Park
940,1993 FIVB Volleyball World League
941,2004 J&S Cup – Singles
942,Major Lance
943,Londer Tsaava
944,Uniformity policy
945,Patrick Cummins (politician)
946,Richard Carlyle
947,Meyler de Bermingham
948,Nyanturago
949,De Wervelwind
950,Rhynchoferella kuehnei
951,Ran Vijay Singh
952,Girve Fretz
953,"Lahinja, Semič"
954,Hydrelia percandidata
955,Torricella Sicura
956,Georgetown College
957,Karen Dunne
958,Dixie Library Building
959,"Acalmani (Ayutla de los Libres), Guerrero"
960,Tim Tam
961,Kenny Noyes
962,Longfin crevalle jack
963,Julian Matthews
964,Anucha Munjarern
965,Ja'far Kavian
966,2014 Northwest Territories fires
967,Nuruddin Farah
968,Humayun Khan
969,Tintin and the Temple of the Sun
970,"Altımermer, Istanbul"
971,The Bachelor's Club
972,Gaspar van den Hoecke
973,Răzvan Tincu
974,Abu al-Abbas al-Nabati
975,Lawrence Joel Veterans Memorial Coliseum
976,Cambodia at the 2008 Summer Paralympics
977,Olof Sundby
978,Polymerase chain reaction
979,Nebtyemneferes
980,Bill Barber (musician)
981,"Bobby Mitchell (footballer, born 1955)"
982,British Mirpuri
983,"Vitolo (footballer, born 1989)"
984,Douglas Watt (politician)
985,Alistair Crane
986,Princess Priscilla's Fortnight
987,Auboué
988,American Astronomical Society 215th meeting
989,Hemiandra
990,172nd Infantry Brigade (United States)
991,Quiers
992,HMS Barrosa (D68)
993,The Walk (2001 film)
994,Power nap
995,1993–94 Mexican Primera División season
996,Magnolia henryi
997,The Baby on the Barge
998,Richard Tapper Cadbury
